capital_call_id,fund_code,investor_code,call_number,call_date,due_date,call_amount,call_currency,commitment_amount,commitment_currency,call_percentage,purpose,management_fee_amount,investment_amount,expense_amount,status,payment_date,payment_amount,payment_currency,source_reference,fx_rate,fx_rate_as_of,fx_rate_source,created_date,last_modified_date
ADMIN-CC-001,ADMIN-FUND-001,ADMIN-INV-002,1,2014-04-30,2014-05-30,9353817.58,EUR,32976686.82,EUR,28.36,Investment and fees,187076.35,9166741.23,0.0,Paid,2014-04-30,9353817.58,EUR,ADMIN-FUND-001-ADMIN-INV-002-CALL-1,1.0,2014-04-30,INTERNAL,2014-04-30,2014-04-30
ADMIN-CC-002,ADMIN-FUND-001,ADMIN-INV-002,2,2015-06-15,2015-07-15,7169256.88,EUR,32976686.82,EUR,21.74,Investment and fees,143385.14,7025871.74,0.0,Paid,2015-06-15,7169256.88,EUR,ADMIN-FUND-001-ADMIN-INV-002-CALL-2,1.0,2015-06-15,INTERNAL,2015-06-15,2015-06-15
ADMIN-CC-003,ADMIN-FUND-001,ADMIN-INV-002,3,2016-04-03,2016-05-03,4040097.82,EUR,32976686.82,EUR,12.25,Investment and fees,80801.96,3959295.86,0.0,Paid,2016-04-03,4040097.82,EUR,ADMIN-FUND-001-ADMIN-INV-002-CALL-3,1.0,2016-04-03,INTERNAL,2016-04-03,2016-04-03
ADMIN-CC-004,ADMIN-FUND-001,ADMIN-INV-002,4,2016-04-17,2016-05-17,4040097.82,EUR,32976686.82,EUR,12.25,Investment and fees,80801.96,3959295.86,0.0,Paid,2016-04-17,4040097.82,EUR,ADMIN-FUND-001-ADMIN-INV-002-CALL-4,1.0,2016-04-17,INTERNAL,2016-04-17,2016-04-17
ADMIN-CC-005,ADMIN-FUND-001,ADMIN-INV-002,5,2017-10-26,2017-11-25,1598493.03,EUR,32976686.82,EUR,4.85,Investment and fees,31969.86,1566523.17,0.0,Paid,2017-10-26,1598493.03,EUR,ADMIN-FUND-001-ADMIN-INV-002-CALL-5,1.0,2017-10-26,INTERNAL,2017-10-26,2017-10-26
ADMIN-CC-006,ADMIN-FUND-001,ADMIN-INV-002,6,2017-10-19,2017-11-18,1598493.03,EUR,32976686.82,EUR,4.85,Investment and fees,31969.86,1566523.17,0.0,Paid,2017-10-19,1598493.03,EUR,ADMIN-FUND-001-ADMIN-INV-002-CALL-6,1.0,2017-10-19,INTERNAL,2017-10-19,2017-10-19
ADMIN-CC-007,ADMIN-FUND-001,ADMIN-INV-002,7,2018-11-09,2018-12-09,3695868.8,EUR,32976686.82,EUR,11.21,Investment and fees,73917.38,3621951.42,0.0,Paid,2018-11-09,3695868.8,EUR,ADMIN-FUND-001-ADMIN-INV-002-CALL-7,1.0,2018-11-09,INTERNAL,2018-11-09,2018-11-09
ADMIN-CC-008,ADMIN-FUND-001,ADMIN-INV-023,1,2014-10-07,2014-11-06,8006685.28,EUR,35105722.74,EUR,22.81,Investment and fees,160133.71,7846551.57,0.0,Paid,2014-10-07,8006685.28,EUR,ADMIN-FUND-001-ADMIN-INV-023-CALL-1,1.0,2014-10-07,INTERNAL,2014-10-07,2014-10-07
ADMIN-CC-009,ADMIN-FUND-001,ADMIN-INV-023,2,2015-05-01,2015-05-31,8330835.85,EUR,35105722.74,EUR,23.73,Investment and fees,166616.72,8164219.13,0.0,Paid,2015-05-01,8330835.85,EUR,ADMIN-FUND-001-ADMIN-INV-023-CALL-2,1.0,2015-05-01,INTERNAL,2015-05-01,2015-05-01
ADMIN-CC-010,ADMIN-FUND-001,ADMIN-INV-023,3,2016-12-16,2017-01-15,4959842.32,EUR,35105722.74,EUR,14.13,Investment and fees,99196.85,4860645.47,0.0,Paid,2016-12-16,4959842.32,EUR,ADMIN-FUND-001-ADMIN-INV-023-CALL-3,1.0,2016-12-16,INTERNAL,2016-12-16,2016-12-16
ADMIN-CC-011,ADMIN-FUND-001,ADMIN-INV-023,4,2016-12-25,2017-01-24,4959842.32,EUR,35105722.74,EUR,14.13,Investment and fees,99196.85,4860645.47,0.0,Paid,2016-12-25,4959842.32,EUR,ADMIN-FUND-001-ADMIN-INV-023-CALL-4,1.0,2016-12-25,INTERNAL,2016-12-25,2016-12-25
ADMIN-CC-012,ADMIN-FUND-001,ADMIN-INV-023,5,2017-03-17,2017-04-16,1270722.65,EUR,35105722.74,EUR,3.62,Investment and fees,25414.45,1245308.2,0.0,Paid,2017-03-17,1270722.65,EUR,ADMIN-FUND-001-ADMIN-INV-023-CALL-5,1.0,2017-03-17,INTERNAL,2017-03-17,2017-03-17
ADMIN-CC-013,ADMIN-FUND-001,ADMIN-INV-023,6,2017-02-27,2017-03-29,1270722.65,EUR,35105722.74,EUR,3.62,Investment and fees,25414.45,1245308.2,0.0,Paid,2017-02-27,1270722.65,EUR,ADMIN-FUND-001-ADMIN-INV-023-CALL-6,1.0,2017-02-27,INTERNAL,2017-02-27,2017-02-27
ADMIN-CC-014,ADMIN-FUND-001,ADMIN-INV-023,7,2018-08-16,2018-09-15,4730921.99,EUR,35105722.74,EUR,13.48,Investment and fees,94618.44,4636303.55,0.0,Paid,2018-08-16,4730921.99,EUR,ADMIN-FUND-001-ADMIN-INV-023-CALL-7,1.0,2018-08-16,INTERNAL,2018-08-16,2018-08-16
ADMIN-CC-015,ADMIN-FUND-001,ADMIN-INV-014,1,2014-11-01,2014-12-01,776944.34,EUR,6595032.22,EUR,11.78,Investment and fees,15538.89,761405.45,0.0,Paid,2014-11-01,776944.34,EUR,ADMIN-FUND-001-ADMIN-INV-014-CALL-1,1.0,2014-11-01,INTERNAL,2014-11-01,2014-11-01
ADMIN-CC-016,ADMIN-FUND-001,ADMIN-INV-014,2,2014-07-26,2014-08-25,776944.34,EUR,6595032.22,EUR,11.78,Investment and fees,15538.89,761405.45,0.0,Paid,2014-07-26,776944.34,EUR,ADMIN-FUND-001-ADMIN-INV-014-CALL-2,1.0,2014-07-26,INTERNAL,2014-07-26,2014-07-26
ADMIN-CC-017,ADMIN-FUND-001,ADMIN-INV-014,3,2015-11-28,2015-12-28,1744742.33,EUR,6595032.22,EUR,26.46,Investment and fees,34894.85,1709847.48,0.0,Paid,2015-11-28,1744742.33,EUR,ADMIN-FUND-001-ADMIN-INV-014-CALL-3,1.0,2015-11-28,INTERNAL,2015-11-28,2015-11-28
ADMIN-CC-018,ADMIN-FUND-001,ADMIN-INV-014,4,2016-03-21,2016-04-20,1834126.86,EUR,6595032.22,EUR,27.81,Investment and fees,36682.54,1797444.32,0.0,Paid,2016-03-21,1834126.86,EUR,ADMIN-FUND-001-ADMIN-INV-014-CALL-4,1.0,2016-03-21,INTERNAL,2016-03-21,2016-03-21
ADMIN-CC-019,ADMIN-FUND-001,ADMIN-INV-014,5,2017-12-12,2018-01-11,240211.0,EUR,6595032.22,EUR,3.64,Investment and fees,4804.22,235406.78,0.0,Paid,2017-12-12,240211.0,EUR,ADMIN-FUND-001-ADMIN-INV-014-CALL-5,1.0,2017-12-12,INTERNAL,2017-12-12,2017-12-12
ADMIN-CC-020,ADMIN-FUND-001,ADMIN-INV-014,6,2017-10-30,2017-11-29,240211.0,EUR,6595032.22,EUR,3.64,Investment and fees,4804.22,235406.78,0.0,Paid,2017-10-30,240211.0,EUR,ADMIN-FUND-001-ADMIN-INV-014-CALL-6,1.0,2017-10-30,INTERNAL,2017-10-30,2017-10-30
ADMIN-CC-021,ADMIN-FUND-001,ADMIN-INV-014,7,2018-03-26,2018-04-25,685753.68,EUR,6595032.22,EUR,10.4,Investment and fees,13715.07,672038.61,0.0,Paid,2018-03-26,685753.68,EUR,ADMIN-FUND-001-ADMIN-INV-014-CALL-7,1.0,2018-03-26,INTERNAL,2018-03-26,2018-03-26
ADMIN-CC-022,ADMIN-FUND-001,ADMIN-INV-001,1,2014-04-04,2014-05-04,5531701.42,EUR,47629471.12,EUR,11.61,Investment and fees,110634.03,5421067.39,0.0,Paid,2014-04-04,5531701.42,EUR,ADMIN-FUND-001-ADMIN-INV-001-CALL-1,1.0,2014-04-04,INTERNAL,2014-04-04,2014-04-04
ADMIN-CC-023,ADMIN-FUND-001,ADMIN-INV-001,2,2014-05-30,2014-06-29,5531701.42,EUR,47629471.12,EUR,11.61,Investment and fees,110634.03,5421067.39,0.0,Paid,2014-05-30,5531701.42,EUR,ADMIN-FUND-001-ADMIN-INV-001-CALL-2,1.0,2014-05-30,INTERNAL,2014-05-30,2014-05-30
ADMIN-CC-024,ADMIN-FUND-001,ADMIN-INV-001,3,2015-11-06,2015-12-06,12710825.57,EUR,47629471.12,EUR,26.69,Investment and fees,254216.51,12456609.06,0.0,Paid,2015-11-06,12710825.57,EUR,ADMIN-FUND-001-ADMIN-INV-001-CALL-3,1.0,2015-11-06,INTERNAL,2015-11-06,2015-11-06
ADMIN-CC-025,ADMIN-FUND-001,ADMIN-INV-001,4,2016-12-25,2017-01-24,5737532.13,EUR,47629471.12,EUR,12.05,Investment and fees,114750.64,5622781.49,0.0,Paid,2016-12-25,5737532.13,EUR,ADMIN-FUND-001-ADMIN-INV-001-CALL-4,1.0,2016-12-25,INTERNAL,2016-12-25,2016-12-25
ADMIN-CC-026,ADMIN-FUND-001,ADMIN-INV-001,5,2016-11-23,2016-12-23,5737532.13,EUR,47629471.12,EUR,12.05,Investment and fees,114750.64,5622781.49,0.0,Paid,2016-11-23,5737532.13,EUR,ADMIN-FUND-001-ADMIN-INV-001-CALL-5,1.0,2016-11-23,INTERNAL,2016-11-23,2016-11-23
ADMIN-CC-027,ADMIN-FUND-001,ADMIN-INV-001,6,2017-11-09,2017-12-09,2169126.61,EUR,47629471.12,EUR,4.55,Investment and fees,43382.53,2125744.08,0.0,Paid,2017-11-09,2169126.61,EUR,ADMIN-FUND-001-ADMIN-INV-001-CALL-6,1.0,2017-11-09,INTERNAL,2017-11-09,2017-11-09
ADMIN-CC-028,ADMIN-FUND-001,ADMIN-INV-001,7,2017-07-12,2017-08-11,8072620.56,EUR,47629471.12,EUR,16.95,Investment and fees,161452.41,7911168.15,0.0,Paid,2017-07-12,8072620.56,EUR,ADMIN-FUND-001-ADMIN-INV-001-CALL-7,1.0,2017-07-12,INTERNAL,2017-07-12,2017-07-12
ADMIN-CC-029,ADMIN-FUND-001,ADMIN-INV-017,1,2014-03-19,2014-04-18,3399406.88,EUR,26836355.31,EUR,12.67,Investment and fees,67988.14,3331418.74,0.0,Paid,2014-03-19,3399406.88,EUR,ADMIN-FUND-001-ADMIN-INV-017-CALL-1,1.0,2014-03-19,INTERNAL,2014-03-19,2014-03-19
ADMIN-CC-030,ADMIN-FUND-001,ADMIN-INV-017,2,2014-09-27,2014-10-27,3399406.88,EUR,26836355.31,EUR,12.67,Investment and fees,67988.14,3331418.74,0.0,Paid,2014-09-27,3399406.88,EUR,ADMIN-FUND-001-ADMIN-INV-017-CALL-2,1.0,2014-09-27,INTERNAL,2014-09-27,2014-09-27
ADMIN-CC-031,ADMIN-FUND-001,ADMIN-INV-017,3,2015-11-05,2015-12-05,3364776.56,EUR,26836355.31,EUR,12.54,Investment and fees,67295.53,3297481.03,0.0,Paid,2015-11-05,3364776.56,EUR,ADMIN-FUND-001-ADMIN-INV-017-CALL-3,1.0,2015-11-05,INTERNAL,2015-11-05,2015-11-05
ADMIN-CC-032,ADMIN-FUND-001,ADMIN-INV-017,4,2015-10-22,2015-11-21,3364776.56,EUR,26836355.31,EUR,12.54,Investment and fees,67295.53,3297481.03,0.0,Paid,2015-10-22,3364776.56,EUR,ADMIN-FUND-001-ADMIN-INV-017-CALL-4,1.0,2015-10-22,INTERNAL,2015-10-22,2015-10-22
ADMIN-CC-033,ADMIN-FUND-001,ADMIN-INV-017,5,2016-08-05,2016-09-04,6981246.94,EUR,26836355.31,EUR,26.01,Investment and fees,139624.94,6841622.0,0.0,Paid,2016-08-05,6981246.94,EUR,ADMIN-FUND-001-ADMIN-INV-017-CALL-5,1.0,2016-08-05,INTERNAL,2016-08-05,2016-08-05
ADMIN-CC-034,ADMIN-FUND-001,ADMIN-INV-017,6,2017-11-16,2017-12-16,2582891.04,EUR,26836355.31,EUR,9.62,Investment and fees,51657.82,2531233.22,0.0,Paid,2017-11-16,2582891.04,EUR,ADMIN-FUND-001-ADMIN-INV-017-CALL-6,1.0,2017-11-16,INTERNAL,2017-11-16,2017-11-16
ADMIN-CC-035,ADMIN-FUND-001,ADMIN-INV-017,7,2018-02-15,2018-03-17,2538972.46,EUR,26836355.31,EUR,9.46,Investment and fees,50779.45,2488193.01,0.0,Paid,2018-02-15,2538972.46,EUR,ADMIN-FUND-001-ADMIN-INV-017-CALL-7,1.0,2018-02-15,INTERNAL,2018-02-15,2018-02-15
ADMIN-CC-036,ADMIN-FUND-001,ADMIN-INV-018,1,2014-03-26,2014-04-25,8153308.28,EUR,35291226.06,EUR,23.1,Investment and fees,163066.17,7990242.11,0.0,Paid,2014-03-26,8153308.28,EUR,ADMIN-FUND-001-ADMIN-INV-018-CALL-1,1.0,2014-03-26,INTERNAL,2014-03-26,2014-03-26
ADMIN-CC-037,ADMIN-FUND-001,ADMIN-INV-018,2,2015-05-23,2015-06-22,4170802.08,EUR,35291226.06,EUR,11.82,Investment and fees,83416.04,4087386.04,0.0,Paid,2015-05-23,4170802.08,EUR,ADMIN-FUND-001-ADMIN-INV-018-CALL-2,1.0,2015-05-23,INTERNAL,2015-05-23,2015-05-23
ADMIN-CC-038,ADMIN-FUND-001,ADMIN-INV-018,3,2015-06-04,2015-07-04,4170802.08,EUR,35291226.06,EUR,11.82,Investment and fees,83416.04,4087386.04,0.0,Paid,2015-06-04,4170802.08,EUR,ADMIN-FUND-001-ADMIN-INV-018-CALL-3,1.0,2015-06-04,INTERNAL,2015-06-04,2015-06-04
ADMIN-CC-039,ADMIN-FUND-001,ADMIN-INV-018,4,2016-03-15,2016-04-14,5187052.45,EUR,35291226.06,EUR,14.7,Investment and fees,103741.05,5083311.4,0.0,Paid,2016-03-15,5187052.45,EUR,ADMIN-FUND-001-ADMIN-INV-018-CALL-4,1.0,2016-03-15,INTERNAL,2016-03-15,2016-03-15
ADMIN-CC-040,ADMIN-FUND-001,ADMIN-INV-018,5,2016-05-14,2016-06-13,5187052.45,EUR,35291226.06,EUR,14.7,Investment and fees,103741.05,5083311.4,0.0,Paid,2016-05-14,5187052.45,EUR,ADMIN-FUND-001-ADMIN-INV-018-CALL-5,1.0,2016-05-14,INTERNAL,2016-05-14,2016-05-14
ADMIN-CC-041,ADMIN-FUND-001,ADMIN-INV-018,6,2017-11-12,2017-12-12,6837730.46,EUR,35291226.06,EUR,19.38,Investment and fees,136754.61,6700975.85,0.0,Paid,2017-11-12,6837730.46,EUR,ADMIN-FUND-001-ADMIN-INV-018-CALL-6,1.0,2017-11-12,INTERNAL,2017-11-12,2017-11-12
ADMIN-CC-042,ADMIN-FUND-001,ADMIN-INV-007,1,2014-04-26,2014-05-26,4929836.09,EUR,17261234.24,EUR,28.56,Investment and fees,98596.72,4831239.37,0.0,Paid,2014-04-26,4929836.09,EUR,ADMIN-FUND-001-ADMIN-INV-007-CALL-1,1.0,2014-04-26,INTERNAL,2014-04-26,2014-04-26
ADMIN-CC-043,ADMIN-FUND-001,ADMIN-INV-007,2,2015-11-15,2015-12-15,1956255.93,EUR,17261234.24,EUR,11.33,Investment and fees,39125.12,1917130.81,0.0,Paid,2015-11-15,1956255.93,EUR,ADMIN-FUND-001-ADMIN-INV-007-CALL-2,1.0,2015-11-15,INTERNAL,2015-11-15,2015-11-15
ADMIN-CC-044,ADMIN-FUND-001,ADMIN-INV-007,3,2015-04-05,2015-05-05,1956255.93,EUR,17261234.24,EUR,11.33,Investment and fees,39125.12,1917130.81,0.0,Paid,2015-04-05,1956255.93,EUR,ADMIN-FUND-001-ADMIN-INV-007-CALL-3,1.0,2015-04-05,INTERNAL,2015-04-05,2015-04-05
ADMIN-CC-045,ADMIN-FUND-001,ADMIN-INV-007,4,2016-11-16,2016-12-16,2049458.38,EUR,17261234.24,EUR,11.87,Investment and fees,40989.17,2008469.21,0.0,Paid,2016-11-16,2049458.38,EUR,ADMIN-FUND-001-ADMIN-INV-007-CALL-4,1.0,2016-11-16,INTERNAL,2016-11-16,2016-11-16
ADMIN-CC-046,ADMIN-FUND-001,ADMIN-INV-007,5,2016-07-11,2016-08-10,2049458.38,EUR,17261234.24,EUR,11.87,Investment and fees,40989.17,2008469.21,0.0,Paid,2016-07-11,2049458.38,EUR,ADMIN-FUND-001-ADMIN-INV-007-CALL-5,1.0,2016-07-11,INTERNAL,2016-07-11,2016-07-11
ADMIN-CC-047,ADMIN-FUND-001,ADMIN-INV-007,6,2017-10-07,2017-11-06,722572.46,EUR,17261234.24,EUR,4.19,Investment and fees,14451.45,708121.01,0.0,Paid,2017-10-07,722572.46,EUR,ADMIN-FUND-001-ADMIN-INV-007-CALL-6,1.0,2017-10-07,INTERNAL,2017-10-07,2017-10-07
ADMIN-CC-048,ADMIN-FUND-001,ADMIN-INV-007,7,2017-08-05,2017-09-04,2822415.48,EUR,17261234.24,EUR,16.35,Investment and fees,56448.31,2765967.17,0.0,Paid,2017-08-05,2822415.48,EUR,ADMIN-FUND-001-ADMIN-INV-007-CALL-7,1.0,2017-08-05,INTERNAL,2017-08-05,2017-08-05
ADMIN-CC-049,ADMIN-FUND-001,ADMIN-INV-012,1,2014-08-04,2014-09-03,9632992.98,EUR,36895488.92,EUR,26.11,Investment and fees,192659.86,9440333.12,0.0,Paid,2014-08-04,9632992.98,EUR,ADMIN-FUND-001-ADMIN-INV-012-CALL-1,1.0,2014-08-04,INTERNAL,2014-08-04,2014-08-04
ADMIN-CC-050,ADMIN-FUND-001,ADMIN-INV-012,2,2015-05-08,2015-06-07,3876886.89,EUR,36895488.92,EUR,10.51,Investment and fees,77537.74,3799349.15,0.0,Paid,2015-05-08,3876886.89,EUR,ADMIN-FUND-001-ADMIN-INV-012-CALL-2,1.0,2015-05-08,INTERNAL,2015-05-08,2015-05-08
ADMIN-CC-051,ADMIN-FUND-001,ADMIN-INV-012,3,2015-07-30,2015-08-29,3876886.89,EUR,36895488.92,EUR,10.51,Investment and fees,77537.74,3799349.15,0.0,Paid,2015-07-30,3876886.89,EUR,ADMIN-FUND-001-ADMIN-INV-012-CALL-3,1.0,2015-07-30,INTERNAL,2015-07-30,2015-07-30
ADMIN-CC-052,ADMIN-FUND-001,ADMIN-INV-012,4,2016-02-21,2016-03-22,10086252.0,EUR,36895488.92,EUR,27.34,Investment and fees,201725.04,9884526.96,0.0,Paid,2016-02-21,10086252.0,EUR,ADMIN-FUND-001-ADMIN-INV-012-CALL-4,1.0,2016-02-21,INTERNAL,2016-02-21,2016-02-21
ADMIN-CC-053,ADMIN-FUND-001,ADMIN-INV-012,5,2017-06-17,2017-07-17,1536196.97,EUR,36895488.92,EUR,4.16,Investment and fees,30723.94,1505473.03,0.0,Paid,2017-06-17,1536196.97,EUR,ADMIN-FUND-001-ADMIN-INV-012-CALL-5,1.0,2017-06-17,INTERNAL,2017-06-17,2017-06-17
ADMIN-CC-054,ADMIN-FUND-001,ADMIN-INV-012,6,2017-07-10,2017-08-09,1536196.97,EUR,36895488.92,EUR,4.16,Investment and fees,30723.94,1505473.03,0.0,Paid,2017-07-10,1536196.97,EUR,ADMIN-FUND-001-ADMIN-INV-012-CALL-6,1.0,2017-07-10,INTERNAL,2017-07-10,2017-07-10
ADMIN-CC-055,ADMIN-FUND-001,ADMIN-INV-012,7,2018-07-14,2018-08-13,4693571.0,EUR,36895488.92,EUR,12.72,Investment and fees,93871.42,4599699.58,0.0,Paid,2018-07-14,4693571.0,EUR,ADMIN-FUND-001-ADMIN-INV-012-CALL-7,1.0,2018-07-14,INTERNAL,2018-07-14,2018-07-14
ADMIN-CC-056,ADMIN-FUND-001,ADMIN-INV-024,1,2014-06-11,2014-07-11,3749434.04,EUR,29338887.78,EUR,12.78,Investment and fees,74988.68,3674445.36,0.0,Paid,2014-06-11,3749434.04,EUR,ADMIN-FUND-001-ADMIN-INV-024-CALL-1,1.0,2014-06-11,INTERNAL,2014-06-11,2014-06-11
ADMIN-CC-057,ADMIN-FUND-001,ADMIN-INV-024,2,2014-08-05,2014-09-04,3749434.04,EUR,29338887.78,EUR,12.78,Investment and fees,74988.68,3674445.36,0.0,Paid,2014-08-05,3749434.04,EUR,ADMIN-FUND-001-ADMIN-INV-024-CALL-2,1.0,2014-08-05,INTERNAL,2014-08-05,2014-08-05
ADMIN-CC-058,ADMIN-FUND-001,ADMIN-INV-024,3,2015-09-08,2015-10-08,3722727.11,EUR,29338887.78,EUR,12.69,Investment and fees,74454.54,3648272.57,0.0,Paid,2015-09-08,3722727.11,EUR,ADMIN-FUND-001-ADMIN-INV-024-CALL-3,1.0,2015-09-08,INTERNAL,2015-09-08,2015-09-08
ADMIN-CC-059,ADMIN-FUND-001,ADMIN-INV-024,4,2015-08-15,2015-09-14,3722727.11,EUR,29338887.78,EUR,12.69,Investment and fees,74454.54,3648272.57,0.0,Paid,2015-08-15,3722727.11,EUR,ADMIN-FUND-001-ADMIN-INV-024-CALL-4,1.0,2015-08-15,INTERNAL,2015-08-15,2015-08-15
ADMIN-CC-060,ADMIN-FUND-001,ADMIN-INV-024,5,2016-10-02,2016-11-01,3615813.72,EUR,29338887.78,EUR,12.32,Investment and fees,72316.27,3543497.45,0.0,Paid,2016-10-02,3615813.72,EUR,ADMIN-FUND-001-ADMIN-INV-024-CALL-5,1.0,2016-10-02,INTERNAL,2016-10-02,2016-10-02
ADMIN-CC-061,ADMIN-FUND-001,ADMIN-INV-024,6,2016-01-15,2016-02-14,3615813.72,EUR,29338887.78,EUR,12.32,Investment and fees,72316.27,3543497.45,0.0,Paid,2016-01-15,3615813.72,EUR,ADMIN-FUND-001-ADMIN-INV-024-CALL-6,1.0,2016-01-15,INTERNAL,2016-01-15,2016-01-15
ADMIN-CC-062,ADMIN-FUND-001,ADMIN-INV-024,7,2017-06-07,2017-07-07,5845703.27,EUR,29338887.78,EUR,19.92,Investment and fees,116914.07,5728789.2,0.0,Paid,2017-06-07,5845703.27,EUR,ADMIN-FUND-001-ADMIN-INV-024-CALL-7,1.0,2017-06-07,INTERNAL,2017-06-07,2017-06-07
ADMIN-CC-063,ADMIN-FUND-001,ADMIN-INV-003,1,2014-03-19,2014-04-18,2480391.5,EUR,10151963.0,EUR,24.43,Investment and fees,49607.83,2430783.67,0.0,Paid,2014-03-19,2480391.5,EUR,ADMIN-FUND-001-ADMIN-INV-003-CALL-1,1.0,2014-03-19,INTERNAL,2014-03-19,2014-03-19
ADMIN-CC-064,ADMIN-FUND-001,ADMIN-INV-003,2,2015-04-03,2015-05-03,1160571.76,EUR,10151963.0,EUR,11.43,Investment and fees,23211.44,1137360.32,0.0,Paid,2015-04-03,1160571.76,EUR,ADMIN-FUND-001-ADMIN-INV-003-CALL-2,1.0,2015-04-03,INTERNAL,2015-04-03,2015-04-03
ADMIN-CC-065,ADMIN-FUND-001,ADMIN-INV-003,3,2015-08-20,2015-09-19,1160571.76,EUR,10151963.0,EUR,11.43,Investment and fees,23211.44,1137360.32,0.0,Paid,2015-08-20,1160571.76,EUR,ADMIN-FUND-001-ADMIN-INV-003-CALL-3,1.0,2015-08-20,INTERNAL,2015-08-20,2015-08-20
ADMIN-CC-066,ADMIN-FUND-001,ADMIN-INV-003,4,2016-09-01,2016-10-01,1451927.54,EUR,10151963.0,EUR,14.3,Investment and fees,29038.55,1422888.99,0.0,Paid,2016-09-01,1451927.54,EUR,ADMIN-FUND-001-ADMIN-INV-003-CALL-4,1.0,2016-09-01,INTERNAL,2016-09-01,2016-09-01
ADMIN-CC-067,ADMIN-FUND-001,ADMIN-INV-003,5,2016-12-21,2017-01-20,1451927.54,EUR,10151963.0,EUR,14.3,Investment and fees,29038.55,1422888.99,0.0,Paid,2016-12-21,1451927.54,EUR,ADMIN-FUND-001-ADMIN-INV-003-CALL-5,1.0,2016-12-21,INTERNAL,2016-12-21,2016-12-21
ADMIN-CC-068,ADMIN-FUND-001,ADMIN-INV-003,6,2017-06-09,2017-07-09,1990777.89,EUR,10151963.0,EUR,19.61,Investment and fees,39815.56,1950962.33,0.0,Paid,2017-06-09,1990777.89,EUR,ADMIN-FUND-001-ADMIN-INV-003-CALL-6,1.0,2017-06-09,INTERNAL,2017-06-09,2017-06-09
ADMIN-CC-069,ADMIN-FUND-001,ADMIN-INV-011,1,2014-05-20,2014-06-19,8290495.44,EUR,35187321.43,EUR,23.56,Investment and fees,165809.91,8124685.53,0.0,Paid,2014-05-20,8290495.44,EUR,ADMIN-FUND-001-ADMIN-INV-011-CALL-1,1.0,2014-05-20,INTERNAL,2014-05-20,2014-05-20
ADMIN-CC-070,ADMIN-FUND-001,ADMIN-INV-011,2,2015-03-11,2015-04-10,3965727.9,EUR,35187321.43,EUR,11.27,Investment and fees,79314.56,3886413.34,0.0,Paid,2015-03-11,3965727.9,EUR,ADMIN-FUND-001-ADMIN-INV-011-CALL-2,1.0,2015-03-11,INTERNAL,2015-03-11,2015-03-11
ADMIN-CC-071,ADMIN-FUND-001,ADMIN-INV-011,3,2015-07-29,2015-08-28,3965727.9,EUR,35187321.43,EUR,11.27,Investment and fees,79314.56,3886413.34,0.0,Paid,2015-07-29,3965727.9,EUR,ADMIN-FUND-001-ADMIN-INV-011-CALL-3,1.0,2015-07-29,INTERNAL,2015-07-29,2015-07-29
ADMIN-CC-072,ADMIN-FUND-001,ADMIN-INV-011,4,2016-03-25,2016-04-24,4732550.95,EUR,35187321.43,EUR,13.45,Investment and fees,94651.02,4637899.93,0.0,Paid,2016-03-25,4732550.95,EUR,ADMIN-FUND-001-ADMIN-INV-011-CALL-4,1.0,2016-03-25,INTERNAL,2016-03-25,2016-03-25
ADMIN-CC-073,ADMIN-FUND-001,ADMIN-INV-011,5,2016-11-22,2016-12-22,12653006.01,EUR,35187321.43,EUR,35.96,Investment and fees,253060.12,12399945.89,0.0,Paid,2016-11-22,12653006.01,EUR,ADMIN-FUND-001-ADMIN-INV-011-CALL-5,1.0,2016-11-22,INTERNAL,2016-11-22,2016-11-22
ADMIN-CC-074,ADMIN-FUND-001,ADMIN-INV-006,1,2014-09-15,2014-10-15,5593268.99,EUR,20063943.69,EUR,27.88,Investment and fees,111865.38,5481403.61,0.0,Paid,2014-09-15,5593268.99,EUR,ADMIN-FUND-001-ADMIN-INV-006-CALL-1,1.0,2014-09-15,INTERNAL,2014-09-15,2014-09-15
ADMIN-CC-075,ADMIN-FUND-001,ADMIN-INV-006,2,2015-05-10,2015-06-09,2768203.26,EUR,20063943.69,EUR,13.8,Investment and fees,55364.07,2712839.19,0.0,Paid,2015-05-10,2768203.26,EUR,ADMIN-FUND-001-ADMIN-INV-006-CALL-2,1.0,2015-05-10,INTERNAL,2015-05-10,2015-05-10
ADMIN-CC-076,ADMIN-FUND-001,ADMIN-INV-006,3,2015-07-05,2015-08-04,2768203.26,EUR,20063943.69,EUR,13.8,Investment and fees,55364.07,2712839.19,0.0,Paid,2015-07-05,2768203.26,EUR,ADMIN-FUND-001-ADMIN-INV-006-CALL-3,1.0,2015-07-05,INTERNAL,2015-07-05,2015-07-05
ADMIN-CC-077,ADMIN-FUND-001,ADMIN-INV-006,4,2016-01-25,2016-02-24,2147475.21,EUR,20063943.69,EUR,10.7,Investment and fees,42949.5,2104525.71,0.0,Paid,2016-01-25,2147475.21,EUR,ADMIN-FUND-001-ADMIN-INV-006-CALL-4,1.0,2016-01-25,INTERNAL,2016-01-25,2016-01-25
ADMIN-CC-078,ADMIN-FUND-001,ADMIN-INV-006,5,2016-01-17,2016-02-16,2147475.21,EUR,20063943.69,EUR,10.7,Investment and fees,42949.5,2104525.71,0.0,Paid,2016-01-17,2147475.21,EUR,ADMIN-FUND-001-ADMIN-INV-006-CALL-5,1.0,2016-01-17,INTERNAL,2016-01-17,2016-01-17
ADMIN-CC-079,ADMIN-FUND-001,ADMIN-INV-006,6,2017-05-11,2017-06-10,3738502.28,EUR,20063943.69,EUR,18.63,Investment and fees,74770.05,3663732.23,0.0,Paid,2017-05-11,3738502.28,EUR,ADMIN-FUND-001-ADMIN-INV-006-CALL-6,1.0,2017-05-11,INTERNAL,2017-05-11,2017-05-11
ADMIN-CC-080,ADMIN-FUND-002,ADMIN-INV-020,1,2017-09-01,2017-10-01,9136363.07,USD,34583347.86,USD,26.42,Investment and fees,182727.26,8953635.81,0.0,Paid,2017-09-01,9136363.07,USD,ADMIN-FUND-002-ADMIN-INV-020-CALL-1,1.0,2017-09-01,INTERNAL,2017-09-01,2017-09-01
ADMIN-CC-081,ADMIN-FUND-002,ADMIN-INV-020,2,2018-01-07,2018-02-06,3867386.17,USD,34583347.86,USD,11.18,Investment and fees,77347.72,3790038.45,0.0,Paid,2018-01-07,3867386.17,USD,ADMIN-FUND-002-ADMIN-INV-020-CALL-2,1.0,2018-01-07,INTERNAL,2018-01-07,2018-01-07
ADMIN-CC-082,ADMIN-FUND-002,ADMIN-INV-020,3,2018-12-02,2019-01-01,3867386.17,USD,34583347.86,USD,11.18,Investment and fees,77347.72,3790038.45,0.0,Paid,2018-12-02,3867386.17,USD,ADMIN-FUND-002-ADMIN-INV-020-CALL-3,1.0,2018-12-02,INTERNAL,2018-12-02,2018-12-02
ADMIN-CC-083,ADMIN-FUND-002,ADMIN-INV-020,4,2019-02-04,2019-03-06,10292663.28,USD,34583347.86,USD,29.76,Investment and fees,205853.27,10086810.01,0.0,Paid,2019-02-04,10292663.28,USD,ADMIN-FUND-002-ADMIN-INV-020-CALL-4,1.0,2019-02-04,INTERNAL,2019-02-04,2019-02-04
ADMIN-CC-084,ADMIN-FUND-002,ADMIN-INV-020,5,2020-05-06,2020-06-05,6799669.74,USD,34583347.86,USD,19.66,Investment and fees,135993.39,6663676.35,0.0,Paid,2020-05-06,6799669.74,USD,ADMIN-FUND-002-ADMIN-INV-020-CALL-5,1.0,2020-05-06,INTERNAL,2020-05-06,2020-05-06
ADMIN-CC-085,ADMIN-FUND-002,ADMIN-INV-019,1,2017-05-11,2017-06-10,3425984.2,USD,26700798.5,USD,12.83,Investment and fees,68519.68,3357464.52,0.0,Paid,2017-05-11,3425984.2,USD,ADMIN-FUND-002-ADMIN-INV-019-CALL-1,1.0,2017-05-11,INTERNAL,2017-05-11,2017-05-11
ADMIN-CC-086,ADMIN-FUND-002,ADMIN-INV-019,2,2017-05-11,2017-06-10,3425984.2,USD,26700798.5,USD,12.83,Investment and fees,68519.68,3357464.52,0.0,Paid,2017-05-11,3425984.2,USD,ADMIN-FUND-002-ADMIN-INV-019-CALL-2,1.0,2017-05-11,INTERNAL,2017-05-11,2017-05-11
ADMIN-CC-087,ADMIN-FUND-002,ADMIN-INV-019,3,2018-05-14,2018-06-13,3501266.12,USD,26700798.5,USD,13.11,Investment and fees,70025.32,3431240.8,0.0,Paid,2018-05-14,3501266.12,USD,ADMIN-FUND-002-ADMIN-INV-019-CALL-3,1.0,2018-05-14,INTERNAL,2018-05-14,2018-05-14
ADMIN-CC-088,ADMIN-FUND-002,ADMIN-INV-019,4,2018-05-15,2018-06-14,3501266.12,USD,26700798.5,USD,13.11,Investment and fees,70025.32,3431240.8,0.0,Paid,2018-05-15,3501266.12,USD,ADMIN-FUND-002-ADMIN-INV-019-CALL-4,1.0,2018-05-15,INTERNAL,2018-05-15,2018-05-15
ADMIN-CC-089,ADMIN-FUND-002,ADMIN-INV-019,5,2019-01-28,2019-02-27,3511789.3,USD,26700798.5,USD,13.15,Investment and fees,70235.79,3441553.51,0.0,Paid,2019-01-28,3511789.3,USD,ADMIN-FUND-002-ADMIN-INV-019-CALL-5,1.0,2019-01-28,INTERNAL,2019-01-28,2019-01-28
ADMIN-CC-090,ADMIN-FUND-002,ADMIN-INV-019,6,2019-09-30,2019-10-30,3511789.3,USD,26700798.5,USD,13.15,Investment and fees,70235.79,3441553.51,0.0,Paid,2019-09-30,3511789.3,USD,ADMIN-FUND-002-ADMIN-INV-019-CALL-6,1.0,2019-09-30,INTERNAL,2019-09-30,2019-09-30
ADMIN-CC-091,ADMIN-FUND-002,ADMIN-INV-019,7,2020-09-30,2020-10-30,5344128.36,USD,26700798.5,USD,20.01,Investment and fees,106882.57,5237245.79,0.0,Paid,2020-09-30,5344128.36,USD,ADMIN-FUND-002-ADMIN-INV-019-CALL-7,1.0,2020-09-30,INTERNAL,2020-09-30,2020-09-30
ADMIN-CC-092,ADMIN-FUND-002,ADMIN-INV-010,1,2017-09-03,2017-10-03,3861633.41,USD,14183050.6,USD,27.23,Investment and fees,77232.67,3784400.74,0.0,Paid,2017-09-03,3861633.41,USD,ADMIN-FUND-002-ADMIN-INV-010-CALL-1,1.0,2017-09-03,INTERNAL,2017-09-03,2017-09-03
ADMIN-CC-093,ADMIN-FUND-002,ADMIN-INV-010,2,2018-05-21,2018-06-20,3724197.83,USD,14183050.6,USD,26.26,Investment and fees,74483.96,3649713.87,0.0,Paid,2018-05-21,3724197.83,USD,ADMIN-FUND-002-ADMIN-INV-010-CALL-2,1.0,2018-05-21,INTERNAL,2018-05-21,2018-05-21
ADMIN-CC-094,ADMIN-FUND-002,ADMIN-INV-010,3,2019-12-15,2020-01-14,1767700.77,USD,14183050.6,USD,12.46,Investment and fees,35354.02,1732346.75,0.0,Paid,2019-12-15,1767700.77,USD,ADMIN-FUND-002-ADMIN-INV-010-CALL-3,1.0,2019-12-15,INTERNAL,2019-12-15,2019-12-15
ADMIN-CC-095,ADMIN-FUND-002,ADMIN-INV-010,4,2019-03-12,2019-04-11,1767700.77,USD,14183050.6,USD,12.46,Investment and fees,35354.02,1732346.75,0.0,Paid,2019-03-12,1767700.77,USD,ADMIN-FUND-002-ADMIN-INV-010-CALL-4,1.0,2019-03-12,INTERNAL,2019-03-12,2019-03-12
ADMIN-CC-096,ADMIN-FUND-002,ADMIN-INV-010,5,2020-07-11,2020-08-10,2807597.74,USD,14183050.6,USD,19.8,Investment and fees,56151.95,2751445.79,0.0,Paid,2020-07-11,2807597.74,USD,ADMIN-FUND-002-ADMIN-INV-010-CALL-5,1.0,2020-07-11,INTERNAL,2020-07-11,2020-07-11
ADMIN-CC-097,ADMIN-FUND-002,ADMIN-INV-013,1,2017-07-20,2017-08-19,4775255.29,USD,19444184.35,USD,24.56,Investment and fees,95505.11,4679750.18,0.0,Paid,2017-07-20,4775255.29,USD,ADMIN-FUND-002-ADMIN-INV-013-CALL-1,1.0,2017-07-20,INTERNAL,2017-07-20,2017-07-20
ADMIN-CC-098,ADMIN-FUND-002,ADMIN-INV-013,2,2018-10-18,2018-11-17,5741516.43,USD,19444184.35,USD,29.53,Investment and fees,114830.33,5626686.1,0.0,Paid,2018-10-18,5741516.43,USD,ADMIN-FUND-002-ADMIN-INV-013-CALL-2,1.0,2018-10-18,INTERNAL,2018-10-18,2018-10-18
ADMIN-CC-099,ADMIN-FUND-002,ADMIN-INV-013,3,2019-03-30,2019-04-29,4622979.46,USD,19444184.35,USD,23.78,Investment and fees,92459.59,4530519.87,0.0,Paid,2019-03-30,4622979.46,USD,ADMIN-FUND-002-ADMIN-INV-013-CALL-3,1.0,2019-03-30,INTERNAL,2019-03-30,2019-03-30
ADMIN-CC-100,ADMIN-FUND-002,ADMIN-INV-013,4,2020-12-30,2021-01-29,1473752.95,USD,19444184.35,USD,7.58,Investment and fees,29475.06,1444277.89,0.0,Paid,2020-12-30,1473752.95,USD,ADMIN-FUND-002-ADMIN-INV-013-CALL-4,1.0,2020-12-30,INTERNAL,2020-12-30,2020-12-30
ADMIN-CC-101,ADMIN-FUND-002,ADMIN-INV-013,5,2021-03-27,2021-04-26,2482158.44,USD,19444184.35,USD,12.77,Investment and fees,49643.17,2432515.27,0.0,Paid,2021-03-27,2482158.44,USD,ADMIN-FUND-002-ADMIN-INV-013-CALL-5,1.0,2021-03-27,INTERNAL,2021-03-27,2021-03-27
ADMIN-CC-102,ADMIN-FUND-002,ADMIN-INV-018,1,2017-03-04,2017-04-03,3722358.72,USD,29736161.8,USD,12.52,Investment and fees,74447.17,3647911.55,0.0,Paid,2017-03-04,3722358.72,USD,ADMIN-FUND-002-ADMIN-INV-018-CALL-1,1.0,2017-03-04,INTERNAL,2017-03-04,2017-03-04
ADMIN-CC-103,ADMIN-FUND-002,ADMIN-INV-018,2,2017-01-06,2017-02-05,3722358.72,USD,29736161.8,USD,12.52,Investment and fees,74447.17,3647911.55,0.0,Paid,2017-01-06,3722358.72,USD,ADMIN-FUND-002-ADMIN-INV-018-CALL-2,1.0,2017-01-06,INTERNAL,2017-01-06,2017-01-06
ADMIN-CC-104,ADMIN-FUND-002,ADMIN-INV-018,3,2018-06-01,2018-07-01,7750275.21,USD,29736161.8,USD,26.06,Investment and fees,155005.5,7595269.71,0.0,Paid,2018-06-01,7750275.21,USD,ADMIN-FUND-002-ADMIN-INV-018-CALL-3,1.0,2018-06-01,INTERNAL,2018-06-01,2018-06-01
ADMIN-CC-105,ADMIN-FUND-002,ADMIN-INV-018,4,2019-07-10,2019-08-09,14008171.74,USD,29736161.8,USD,47.11,Investment and fees,280163.43,13728008.31,0.0,Paid,2019-07-10,14008171.74,USD,ADMIN-FUND-002-ADMIN-INV-018-CALL-4,1.0,2019-07-10,INTERNAL,2019-07-10,2019-07-10
ADMIN-CC-106,ADMIN-FUND-002,ADMIN-INV-001,1,2017-12-13,2018-01-12,3098961.22,USD,22498134.96,USD,13.77,Investment and fees,61979.22,3036982.0,0.0,Paid,2017-12-13,3098961.22,USD,ADMIN-FUND-002-ADMIN-INV-001-CALL-1,1.0,2017-12-13,INTERNAL,2017-12-13,2017-12-13
ADMIN-CC-107,ADMIN-FUND-002,ADMIN-INV-001,2,2017-02-20,2017-03-22,3098961.22,USD,22498134.96,USD,13.77,Investment and fees,61979.22,3036982.0,0.0,Paid,2017-02-20,3098961.22,USD,ADMIN-FUND-002-ADMIN-INV-001-CALL-2,1.0,2017-02-20,INTERNAL,2017-02-20,2017-02-20
ADMIN-CC-108,ADMIN-FUND-002,ADMIN-INV-001,3,2018-01-02,2018-02-01,6166576.36,USD,22498134.96,USD,27.41,Investment and fees,123331.53,6043244.83,0.0,Paid,2018-01-02,6166576.36,USD,ADMIN-FUND-002-ADMIN-INV-001-CALL-3,1.0,2018-01-02,INTERNAL,2018-01-02,2018-01-02
ADMIN-CC-109,ADMIN-FUND-002,ADMIN-INV-001,4,2019-01-09,2019-02-08,5758603.97,USD,22498134.96,USD,25.6,Investment and fees,115172.08,5643431.89,0.0,Paid,2019-01-09,5758603.97,USD,ADMIN-FUND-002-ADMIN-INV-001-CALL-4,1.0,2019-01-09,INTERNAL,2019-01-09,2019-01-09
ADMIN-CC-110,ADMIN-FUND-002,ADMIN-INV-001,5,2020-07-25,2020-08-24,807345.08,USD,22498134.96,USD,3.59,Investment and fees,16146.9,791198.18,0.0,Paid,2020-07-25,807345.08,USD,ADMIN-FUND-002-ADMIN-INV-001-CALL-5,1.0,2020-07-25,INTERNAL,2020-07-25,2020-07-25
ADMIN-CC-111,ADMIN-FUND-002,ADMIN-INV-001,6,2020-04-03,2020-05-03,807345.08,USD,22498134.96,USD,3.59,Investment and fees,16146.9,791198.18,0.0,Paid,2020-04-03,807345.08,USD,ADMIN-FUND-002-ADMIN-INV-001-CALL-6,1.0,2020-04-03,INTERNAL,2020-04-03,2020-04-03
ADMIN-CC-112,ADMIN-FUND-002,ADMIN-INV-001,7,2021-07-09,2021-08-08,2357080.58,USD,22498134.96,USD,10.48,Investment and fees,47141.61,2309938.97,0.0,Paid,2021-07-09,2357080.58,USD,ADMIN-FUND-002-ADMIN-INV-001-CALL-7,1.0,2021-07-09,INTERNAL,2021-07-09,2021-07-09
ADMIN-CC-113,ADMIN-FUND-002,ADMIN-INV-023,1,2017-11-13,2017-12-13,3960860.65,USD,34934418.11,USD,11.34,Investment and fees,79217.21,3881643.44,0.0,Paid,2017-11-13,3960860.65,USD,ADMIN-FUND-002-ADMIN-INV-023-CALL-1,1.0,2017-11-13,INTERNAL,2017-11-13,2017-11-13
ADMIN-CC-114,ADMIN-FUND-002,ADMIN-INV-023,2,2017-08-29,2017-09-28,3960860.65,USD,34934418.11,USD,11.34,Investment and fees,79217.21,3881643.44,0.0,Paid,2017-08-29,3960860.65,USD,ADMIN-FUND-002-ADMIN-INV-023-CALL-2,1.0,2017-08-29,INTERNAL,2017-08-29,2017-08-29
ADMIN-CC-115,ADMIN-FUND-002,ADMIN-INV-023,3,2018-09-25,2018-10-25,9332272.37,USD,34934418.11,USD,26.71,Investment and fees,186645.45,9145626.92,0.0,Paid,2018-09-25,9332272.37,USD,ADMIN-FUND-002-ADMIN-INV-023-CALL-3,1.0,2018-09-25,INTERNAL,2018-09-25,2018-09-25
ADMIN-CC-116,ADMIN-FUND-002,ADMIN-INV-023,4,2019-07-08,2019-08-07,8942485.93,USD,34934418.11,USD,25.6,Investment and fees,178849.72,8763636.21,0.0,Paid,2019-07-08,8942485.93,USD,ADMIN-FUND-002-ADMIN-INV-023-CALL-4,1.0,2019-07-08,INTERNAL,2019-07-08,2019-07-08
ADMIN-CC-117,ADMIN-FUND-002,ADMIN-INV-023,5,2020-08-08,2020-09-07,3038522.31,USD,34934418.11,USD,8.7,Investment and fees,60770.45,2977751.86,0.0,Paid,2020-08-08,3038522.31,USD,ADMIN-FUND-002-ADMIN-INV-023-CALL-5,1.0,2020-08-08,INTERNAL,2020-08-08,2020-08-08
ADMIN-CC-118,ADMIN-FUND-002,ADMIN-INV-023,6,2021-10-08,2021-11-07,5073244.11,USD,34934418.11,USD,14.52,Investment and fees,101464.88,4971779.23,0.0,Paid,2021-10-08,5073244.11,USD,ADMIN-FUND-002-ADMIN-INV-023-CALL-6,1.0,2021-10-08,INTERNAL,2021-10-08,2021-10-08
ADMIN-CC-119,ADMIN-FUND-002,ADMIN-INV-024,1,2017-10-19,2017-11-18,12621904.01,USD,42244773.98,USD,29.88,Investment and fees,252438.08,12369465.93,0.0,Paid,2017-10-19,12621904.01,USD,ADMIN-FUND-002-ADMIN-INV-024-CALL-1,1.0,2017-10-19,INTERNAL,2017-10-19,2017-10-19
ADMIN-CC-120,ADMIN-FUND-002,ADMIN-INV-024,2,2018-07-13,2018-08-12,4947559.16,USD,42244773.98,USD,11.71,Investment and fees,98951.18,4848607.98,0.0,Paid,2018-07-13,4947559.16,USD,ADMIN-FUND-002-ADMIN-INV-024-CALL-2,1.0,2018-07-13,INTERNAL,2018-07-13,2018-07-13
ADMIN-CC-121,ADMIN-FUND-002,ADMIN-INV-024,3,2018-01-12,2018-02-11,4947559.16,USD,42244773.98,USD,11.71,Investment and fees,98951.18,4848607.98,0.0,Paid,2018-01-12,4947559.16,USD,ADMIN-FUND-002-ADMIN-INV-024-CALL-3,1.0,2018-01-12,INTERNAL,2018-01-12,2018-01-12
ADMIN-CC-122,ADMIN-FUND-002,ADMIN-INV-024,4,2019-03-06,2019-04-05,9733524.75,USD,42244773.98,USD,23.04,Investment and fees,194670.49,9538854.25,0.0,Paid,2019-03-06,9733524.75,USD,ADMIN-FUND-002-ADMIN-INV-024-CALL-4,1.0,2019-03-06,INTERNAL,2019-03-06,2019-03-06
ADMIN-CC-123,ADMIN-FUND-002,ADMIN-INV-024,5,2020-02-14,2020-03-15,4312217.05,USD,42244773.98,USD,10.21,Investment and fees,86244.34,4225972.71,0.0,Paid,2020-02-14,4312217.05,USD,ADMIN-FUND-002-ADMIN-INV-024-CALL-5,1.0,2020-02-14,INTERNAL,2020-02-14,2020-02-14
ADMIN-CC-124,ADMIN-FUND-002,ADMIN-INV-024,6,2021-08-09,2021-09-08,3736665.52,USD,42244773.98,USD,8.85,Investment and fees,74733.31,3661932.21,0.0,Paid,2021-08-09,3736665.52,USD,ADMIN-FUND-002-ADMIN-INV-024-CALL-6,1.0,2021-08-09,INTERNAL,2021-08-09,2021-08-09
ADMIN-CC-125,ADMIN-FUND-002,ADMIN-INV-024,7,2022-08-21,2022-09-20,1188139.84,USD,42244773.98,USD,2.81,Investment and fees,23762.8,1164377.04,0.0,Paid,2022-08-21,1188139.84,USD,ADMIN-FUND-002-ADMIN-INV-024-CALL-7,1.0,2022-08-21,INTERNAL,2022-08-21,2022-08-21
ADMIN-CC-126,ADMIN-FUND-002,ADMIN-INV-007,1,2017-02-17,2017-03-19,4271462.17,USD,32391631.89,USD,13.19,Investment and fees,85429.24,4186032.93,0.0,Paid,2017-02-17,4271462.17,USD,ADMIN-FUND-002-ADMIN-INV-007-CALL-1,1.0,2017-02-17,INTERNAL,2017-02-17,2017-02-17
ADMIN-CC-127,ADMIN-FUND-002,ADMIN-INV-007,2,2017-11-08,2017-12-08,4271462.17,USD,32391631.89,USD,13.19,Investment and fees,85429.24,4186032.93,0.0,Paid,2017-11-08,4271462.17,USD,ADMIN-FUND-002-ADMIN-INV-007-CALL-2,1.0,2017-11-08,INTERNAL,2017-11-08,2017-11-08
ADMIN-CC-128,ADMIN-FUND-002,ADMIN-INV-007,3,2018-03-12,2018-04-11,4521977.44,USD,32391631.89,USD,13.96,Investment and fees,90439.55,4431537.89,0.0,Paid,2018-03-12,4521977.44,USD,ADMIN-FUND-002-ADMIN-INV-007-CALL-3,1.0,2018-03-12,INTERNAL,2018-03-12,2018-03-12
ADMIN-CC-129,ADMIN-FUND-002,ADMIN-INV-007,4,2018-08-12,2018-09-11,4521977.44,USD,32391631.89,USD,13.96,Investment and fees,90439.55,4431537.89,0.0,Paid,2018-08-12,4521977.44,USD,ADMIN-FUND-002-ADMIN-INV-007-CALL-4,1.0,2018-08-12,INTERNAL,2018-08-12,2018-08-12
ADMIN-CC-130,ADMIN-FUND-002,ADMIN-INV-007,5,2019-04-01,2019-05-01,3575344.5,USD,32391631.89,USD,11.04,Investment and fees,71506.89,3503837.61,0.0,Paid,2019-04-01,3575344.5,USD,ADMIN-FUND-002-ADMIN-INV-007-CALL-5,1.0,2019-04-01,INTERNAL,2019-04-01,2019-04-01
ADMIN-CC-131,ADMIN-FUND-002,ADMIN-INV-007,6,2019-03-25,2019-04-24,3575344.5,USD,32391631.89,USD,11.04,Investment and fees,71506.89,3503837.61,0.0,Paid,2019-03-25,3575344.5,USD,ADMIN-FUND-002-ADMIN-INV-007-CALL-6,1.0,2019-03-25,INTERNAL,2019-03-25,2019-03-25
ADMIN-CC-132,ADMIN-FUND-002,ADMIN-INV-007,7,2020-11-04,2020-12-04,7073469.03,USD,32391631.89,USD,21.84,Investment and fees,141469.38,6931999.65,0.0,Paid,2020-11-04,7073469.03,USD,ADMIN-FUND-002-ADMIN-INV-007-CALL-7,1.0,2020-11-04,INTERNAL,2020-11-04,2020-11-04
ADMIN-CC-133,ADMIN-FUND-002,ADMIN-INV-014,1,2017-01-28,2017-02-27,4297276.84,USD,28997783.66,USD,14.82,Investment and fees,85945.54,4211331.3,0.0,Paid,2017-01-28,4297276.84,USD,ADMIN-FUND-002-ADMIN-INV-014-CALL-1,1.0,2017-01-28,INTERNAL,2017-01-28,2017-01-28
ADMIN-CC-134,ADMIN-FUND-002,ADMIN-INV-014,2,2017-08-24,2017-09-23,4297276.84,USD,28997783.66,USD,14.82,Investment and fees,85945.54,4211331.3,0.0,Paid,2017-08-24,4297276.84,USD,ADMIN-FUND-002-ADMIN-INV-014-CALL-2,1.0,2017-08-24,INTERNAL,2017-08-24,2017-08-24
ADMIN-CC-135,ADMIN-FUND-002,ADMIN-INV-014,3,2018-04-19,2018-05-19,6373941.86,USD,28997783.66,USD,21.98,Investment and fees,127478.84,6246463.02,0.0,Paid,2018-04-19,6373941.86,USD,ADMIN-FUND-002-ADMIN-INV-014-CALL-3,1.0,2018-04-19,INTERNAL,2018-04-19,2018-04-19
ADMIN-CC-136,ADMIN-FUND-002,ADMIN-INV-014,4,2019-05-23,2019-06-22,13509525.56,USD,28997783.66,USD,46.59,Investment and fees,270190.51,13239335.05,0.0,Paid,2019-05-23,13509525.56,USD,ADMIN-FUND-002-ADMIN-INV-014-CALL-4,1.0,2019-05-23,INTERNAL,2019-05-23,2019-05-23
ADMIN-CC-137,ADMIN-FUND-003,ADMIN-INV-017,1,2021-08-07,2021-09-06,292036.82,EUR,990644.44,EUR,29.48,Investment and fees,5840.74,286196.08,0.0,Paid,2021-08-07,292036.82,EUR,ADMIN-FUND-003-ADMIN-INV-017-CALL-1,1.0,2021-08-07,INTERNAL,2021-08-07,2021-08-07
ADMIN-CC-138,ADMIN-FUND-003,ADMIN-INV-017,2,2022-01-23,2022-02-22,295710.86,EUR,990644.44,EUR,29.85,Investment and fees,5914.22,289796.64,0.0,Paid,2022-01-23,295710.86,EUR,ADMIN-FUND-003-ADMIN-INV-017-CALL-2,1.0,2022-01-23,INTERNAL,2022-01-23,2022-01-23
ADMIN-CC-139,ADMIN-FUND-003,ADMIN-INV-017,3,2023-04-27,2023-05-27,113938.54,EUR,990644.44,EUR,11.5,Investment and fees,2278.77,111659.77,0.0,Paid,2023-04-27,113938.54,EUR,ADMIN-FUND-003-ADMIN-INV-017-CALL-3,1.0,2023-04-27,INTERNAL,2023-04-27,2023-04-27
ADMIN-CC-140,ADMIN-FUND-003,ADMIN-INV-017,4,2023-08-14,2023-09-13,113938.54,EUR,990644.44,EUR,11.5,Investment and fees,2278.77,111659.77,0.0,Paid,2023-08-14,113938.54,EUR,ADMIN-FUND-003-ADMIN-INV-017-CALL-4,1.0,2023-08-14,INTERNAL,2023-08-14,2023-08-14
ADMIN-CC-141,ADMIN-FUND-003,ADMIN-INV-017,5,2024-10-18,2024-11-17,171263.84,EUR,990644.44,EUR,17.29,Investment and fees,3425.28,167838.56,0.0,Paid,2024-10-18,171263.84,EUR,ADMIN-FUND-003-ADMIN-INV-017-CALL-5,1.0,2024-10-18,INTERNAL,2024-10-18,2024-10-18
ADMIN-CC-142,ADMIN-FUND-003,ADMIN-INV-022,1,2021-11-27,2021-12-27,6209671.01,EUR,21091805.52,EUR,29.44,Investment and fees,124193.42,6085477.59,0.0,Paid,2021-11-27,6209671.01,EUR,ADMIN-FUND-003-ADMIN-INV-022-CALL-1,1.0,2021-11-27,INTERNAL,2021-11-27,2021-11-27
ADMIN-CC-143,ADMIN-FUND-003,ADMIN-INV-022,2,2022-10-18,2022-11-17,5652085.9,EUR,21091805.52,EUR,26.8,Investment and fees,113041.72,5539044.18,0.0,Paid,2022-10-18,5652085.9,EUR,ADMIN-FUND-003-ADMIN-INV-022-CALL-2,1.0,2022-10-18,INTERNAL,2022-10-18,2022-10-18
ADMIN-CC-144,ADMIN-FUND-003,ADMIN-INV-022,3,2023-07-31,2023-08-30,2585412.0,EUR,21091805.52,EUR,12.26,Investment and fees,51708.24,2533703.76,0.0,Paid,2023-07-31,2585412.0,EUR,ADMIN-FUND-003-ADMIN-INV-022-CALL-3,1.0,2023-07-31,INTERNAL,2023-07-31,2023-07-31
ADMIN-CC-145,ADMIN-FUND-003,ADMIN-INV-022,4,2023-10-31,2023-11-30,6564670.94,EUR,21091805.52,EUR,31.12,Investment and fees,131293.42,6433377.52,0.0,Paid,2023-10-31,6564670.94,EUR,ADMIN-FUND-003-ADMIN-INV-022-CALL-4,1.0,2023-10-31,INTERNAL,2023-10-31,2023-10-31
ADMIN-CC-146,ADMIN-FUND-003,ADMIN-INV-021,1,2021-06-30,2021-07-30,3218513.04,EUR,13103363.9,EUR,24.56,Investment and fees,64370.26,3154142.78,0.0,Paid,2021-06-30,3218513.04,EUR,ADMIN-FUND-003-ADMIN-INV-021-CALL-1,1.0,2021-06-30,INTERNAL,2021-06-30,2021-06-30
ADMIN-CC-147,ADMIN-FUND-003,ADMIN-INV-021,2,2022-04-24,2022-05-24,1939797.86,EUR,13103363.9,EUR,14.8,Investment and fees,38795.96,1901001.9,0.0,Paid,2022-04-24,1939797.86,EUR,ADMIN-FUND-003-ADMIN-INV-021-CALL-2,1.0,2022-04-24,INTERNAL,2022-04-24,2022-04-24
ADMIN-CC-148,ADMIN-FUND-003,ADMIN-INV-021,3,2022-12-17,2023-01-16,1939797.86,EUR,13103363.9,EUR,14.8,Investment and fees,38795.96,1901001.9,0.0,Paid,2022-12-17,1939797.86,EUR,ADMIN-FUND-003-ADMIN-INV-021-CALL-3,1.0,2022-12-17,INTERNAL,2022-12-17,2022-12-17
ADMIN-CC-149,ADMIN-FUND-003,ADMIN-INV-021,4,2023-02-05,2023-03-07,5955576.16,EUR,13103363.9,EUR,45.45,Investment and fees,119111.52,5836464.64,0.0,Paid,2023-02-05,5955576.16,EUR,ADMIN-FUND-003-ADMIN-INV-021-CALL-4,1.0,2023-02-05,INTERNAL,2023-02-05,2023-02-05
ADMIN-CC-150,ADMIN-FUND-003,ADMIN-INV-020,1,2021-10-29,2021-11-28,4536359.35,EUR,16473456.92,EUR,27.54,Investment and fees,90727.19,4445632.16,0.0,Paid,2021-10-29,4536359.35,EUR,ADMIN-FUND-003-ADMIN-INV-020-CALL-1,1.0,2021-10-29,INTERNAL,2021-10-29,2021-10-29
ADMIN-CC-151,ADMIN-FUND-003,ADMIN-INV-020,2,2022-05-09,2022-06-08,4329304.21,EUR,16473456.92,EUR,26.28,Investment and fees,86586.08,4242718.13,0.0,Paid,2022-05-09,4329304.21,EUR,ADMIN-FUND-003-ADMIN-INV-020-CALL-2,1.0,2022-05-09,INTERNAL,2022-05-09,2022-05-09
ADMIN-CC-152,ADMIN-FUND-003,ADMIN-INV-020,3,2023-10-05,2023-11-04,2377495.79,EUR,16473456.92,EUR,14.43,Investment and fees,47549.92,2329945.87,0.0,Paid,2023-10-05,2377495.79,EUR,ADMIN-FUND-003-ADMIN-INV-020-CALL-3,1.0,2023-10-05,INTERNAL,2023-10-05,2023-10-05
ADMIN-CC-153,ADMIN-FUND-003,ADMIN-INV-020,4,2023-09-15,2023-10-15,5167841.51,EUR,16473456.92,EUR,31.37,Investment and fees,103356.83,5064484.68,0.0,Paid,2023-09-15,5167841.51,EUR,ADMIN-FUND-003-ADMIN-INV-020-CALL-4,1.0,2023-09-15,INTERNAL,2023-09-15,2023-09-15
ADMIN-CC-154,ADMIN-FUND-003,ADMIN-INV-011,1,2021-07-06,2021-08-05,2913623.9,EUR,9762371.77,EUR,29.85,Investment and fees,58272.48,2855351.42,0.0,Paid,2021-07-06,2913623.9,EUR,ADMIN-FUND-003-ADMIN-INV-011-CALL-1,1.0,2021-07-06,INTERNAL,2021-07-06,2021-07-06
ADMIN-CC-155,ADMIN-FUND-003,ADMIN-INV-011,2,2022-03-23,2022-04-22,1362302.69,EUR,9762371.77,EUR,13.95,Investment and fees,27246.05,1335056.64,0.0,Paid,2022-03-23,1362302.69,EUR,ADMIN-FUND-003-ADMIN-INV-011-CALL-2,1.0,2022-03-23,INTERNAL,2022-03-23,2022-03-23
ADMIN-CC-156,ADMIN-FUND-003,ADMIN-INV-011,3,2022-04-16,2022-05-16,1362302.69,EUR,9762371.77,EUR,13.95,Investment and fees,27246.05,1335056.64,0.0,Paid,2022-04-16,1362302.69,EUR,ADMIN-FUND-003-ADMIN-INV-011-CALL-3,1.0,2022-04-16,INTERNAL,2022-04-16,2022-04-16
ADMIN-CC-157,ADMIN-FUND-003,ADMIN-INV-011,4,2023-01-05,2023-02-04,2460012.89,EUR,9762371.77,EUR,25.2,Investment and fees,49200.26,2410812.63,0.0,Paid,2023-01-05,2460012.89,EUR,ADMIN-FUND-003-ADMIN-INV-011-CALL-4,1.0,2023-01-05,INTERNAL,2023-01-05,2023-01-05
ADMIN-CC-158,ADMIN-FUND-003,ADMIN-INV-011,5,2024-10-03,2024-11-02,832844.84,EUR,9762371.77,EUR,8.53,Investment and fees,16656.9,816187.94,0.0,Paid,2024-10-03,832844.84,EUR,ADMIN-FUND-003-ADMIN-INV-011-CALL-5,1.0,2024-10-03,INTERNAL,2024-10-03,2024-10-03
ADMIN-CC-159,ADMIN-FUND-003,ADMIN-INV-011,6,2025-06-16,2025-07-16,397136.27,EUR,9762371.77,EUR,4.07,Investment and fees,7942.73,389193.54,0.0,Paid,2025-06-16,397136.27,EUR,ADMIN-FUND-003-ADMIN-INV-011-CALL-6,1.0,2025-06-16,INTERNAL,2025-06-16,2025-06-16
ADMIN-CC-160,ADMIN-FUND-003,ADMIN-INV-011,7,2025-02-24,2025-03-26,397136.27,EUR,9762371.77,EUR,4.07,Investment and fees,7942.73,389193.54,0.0,Paid,2025-02-24,397136.27,EUR,ADMIN-FUND-003-ADMIN-INV-011-CALL-7,1.0,2025-02-24,INTERNAL,2025-02-24,2025-02-24
ADMIN-CC-161,ADMIN-FUND-003,ADMIN-INV-003,1,2021-11-04,2021-12-04,4884728.69,EUR,18995368.52,EUR,25.72,Investment and fees,97694.57,4787034.12,0.0,Paid,2021-11-04,4884728.69,EUR,ADMIN-FUND-003-ADMIN-INV-003-CALL-1,1.0,2021-11-04,INTERNAL,2021-11-04,2021-11-04
ADMIN-CC-162,ADMIN-FUND-003,ADMIN-INV-003,2,2022-03-14,2022-04-13,4853923.12,EUR,18995368.52,EUR,25.55,Investment and fees,97078.46,4756844.66,0.0,Paid,2022-03-14,4853923.12,EUR,ADMIN-FUND-003-ADMIN-INV-003-CALL-2,1.0,2022-03-14,INTERNAL,2022-03-14,2022-03-14
ADMIN-CC-163,ADMIN-FUND-003,ADMIN-INV-003,3,2023-06-01,2023-07-01,2442728.09,EUR,18995368.52,EUR,12.86,Investment and fees,48854.56,2393873.53,0.0,Paid,2023-06-01,2442728.09,EUR,ADMIN-FUND-003-ADMIN-INV-003-CALL-3,1.0,2023-06-01,INTERNAL,2023-06-01,2023-06-01
ADMIN-CC-164,ADMIN-FUND-003,ADMIN-INV-003,4,2023-12-27,2024-01-26,2442728.09,EUR,18995368.52,EUR,12.86,Investment and fees,48854.56,2393873.53,0.0,Paid,2023-12-27,2442728.09,EUR,ADMIN-FUND-003-ADMIN-INV-003-CALL-4,1.0,2023-12-27,INTERNAL,2023-12-27,2023-12-27
ADMIN-CC-165,ADMIN-FUND-003,ADMIN-INV-003,5,2024-12-15,2025-01-14,4299243.11,EUR,18995368.52,EUR,22.63,Investment and fees,85984.86,4213258.25,0.0,Paid,2024-12-15,4299243.11,EUR,ADMIN-FUND-003-ADMIN-INV-003-CALL-5,1.0,2024-12-15,INTERNAL,2024-12-15,2024-12-15
ADMIN-CC-166,ADMIN-FUND-003,ADMIN-INV-008,1,2021-02-12,2021-03-14,3075580.79,EUR,12340170.88,EUR,24.92,Investment and fees,61511.62,3014069.17,0.0,Paid,2021-02-12,3075580.79,EUR,ADMIN-FUND-003-ADMIN-INV-008-CALL-1,1.0,2021-02-12,INTERNAL,2021-02-12,2021-02-12
ADMIN-CC-167,ADMIN-FUND-003,ADMIN-INV-008,2,2022-04-04,2022-05-04,3736325.66,EUR,12340170.88,EUR,30.28,Investment and fees,74726.51,3661599.15,0.0,Paid,2022-04-04,3736325.66,EUR,ADMIN-FUND-003-ADMIN-INV-008-CALL-2,1.0,2022-04-04,INTERNAL,2022-04-04,2022-04-04
ADMIN-CC-168,ADMIN-FUND-003,ADMIN-INV-008,3,2023-06-10,2023-07-10,1512073.7,EUR,12340170.88,EUR,12.25,Investment and fees,30241.47,1481832.23,0.0,Paid,2023-06-10,1512073.7,EUR,ADMIN-FUND-003-ADMIN-INV-008-CALL-3,1.0,2023-06-10,INTERNAL,2023-06-10,2023-06-10
ADMIN-CC-169,ADMIN-FUND-003,ADMIN-INV-008,4,2023-10-17,2023-11-16,1512073.7,EUR,12340170.88,EUR,12.25,Investment and fees,30241.47,1481832.23,0.0,Paid,2023-10-17,1512073.7,EUR,ADMIN-FUND-003-ADMIN-INV-008-CALL-4,1.0,2023-10-17,INTERNAL,2023-10-17,2023-10-17
ADMIN-CC-170,ADMIN-FUND-003,ADMIN-INV-008,5,2024-01-31,2024-03-01,2457331.56,EUR,12340170.88,EUR,19.91,Investment and fees,49146.63,2408184.93,0.0,Paid,2024-01-31,2457331.56,EUR,ADMIN-FUND-003-ADMIN-INV-008-CALL-5,1.0,2024-01-31,INTERNAL,2024-01-31,2024-01-31
ADMIN-CC-171,ADMIN-FUND-003,ADMIN-INV-010,1,2021-02-21,2021-03-23,2056980.07,EUR,15398574.7,EUR,13.36,Investment and fees,41139.6,2015840.47,0.0,Paid,2021-02-21,2056980.07,EUR,ADMIN-FUND-003-ADMIN-INV-010-CALL-1,1.0,2021-02-21,INTERNAL,2021-02-21,2021-02-21
ADMIN-CC-172,ADMIN-FUND-003,ADMIN-INV-010,2,2021-08-15,2021-09-14,2056980.07,EUR,15398574.7,EUR,13.36,Investment and fees,41139.6,2015840.47,0.0,Paid,2021-08-15,2056980.07,EUR,ADMIN-FUND-003-ADMIN-INV-010-CALL-2,1.0,2021-08-15,INTERNAL,2021-08-15,2021-08-15
ADMIN-CC-173,ADMIN-FUND-003,ADMIN-INV-010,3,2022-03-08,2022-04-07,4744233.6,EUR,15398574.7,EUR,30.81,Investment and fees,94884.67,4649348.93,0.0,Paid,2022-03-08,4744233.6,EUR,ADMIN-FUND-003-ADMIN-INV-010-CALL-3,1.0,2022-03-08,INTERNAL,2022-03-08,2022-03-08
ADMIN-CC-174,ADMIN-FUND-003,ADMIN-INV-010,4,2023-11-01,2023-12-01,1986759.4,EUR,15398574.7,EUR,12.9,Investment and fees,39735.19,1947024.21,0.0,Paid,2023-11-01,1986759.4,EUR,ADMIN-FUND-003-ADMIN-INV-010-CALL-4,1.0,2023-11-01,INTERNAL,2023-11-01,2023-11-01
ADMIN-CC-175,ADMIN-FUND-003,ADMIN-INV-010,5,2023-10-09,2023-11-08,1986759.4,EUR,15398574.7,EUR,12.9,Investment and fees,39735.19,1947024.21,0.0,Paid,2023-10-09,1986759.4,EUR,ADMIN-FUND-003-ADMIN-INV-010-CALL-5,1.0,2023-10-09,INTERNAL,2023-10-09,2023-10-09
ADMIN-CC-176,ADMIN-FUND-003,ADMIN-INV-010,6,2024-06-30,2024-07-30,2508481.32,EUR,15398574.7,EUR,16.29,Investment and fees,50169.63,2458311.69,0.0,Paid,2024-06-30,2508481.32,EUR,ADMIN-FUND-003-ADMIN-INV-010-CALL-6,1.0,2024-06-30,INTERNAL,2024-06-30,2024-06-30
ADMIN-CC-177,ADMIN-FUND-003,ADMIN-INV-019,1,2021-05-23,2021-06-22,2504026.0,EUR,8231022.11,EUR,30.42,Investment and fees,50080.52,2453945.48,0.0,Paid,2021-05-23,2504026.0,EUR,ADMIN-FUND-003-ADMIN-INV-019-CALL-1,1.0,2021-05-23,INTERNAL,2021-05-23,2021-05-23
ADMIN-CC-178,ADMIN-FUND-003,ADMIN-INV-019,2,2022-03-06,2022-04-05,1180939.52,EUR,8231022.11,EUR,14.35,Investment and fees,23618.79,1157320.73,0.0,Paid,2022-03-06,1180939.52,EUR,ADMIN-FUND-003-ADMIN-INV-019-CALL-2,1.0,2022-03-06,INTERNAL,2022-03-06,2022-03-06
ADMIN-CC-179,ADMIN-FUND-003,ADMIN-INV-019,3,2022-01-17,2022-02-16,1180939.52,EUR,8231022.11,EUR,14.35,Investment and fees,23618.79,1157320.73,0.0,Paid,2022-01-17,1180939.52,EUR,ADMIN-FUND-003-ADMIN-INV-019-CALL-3,1.0,2022-01-17,INTERNAL,2022-01-17,2022-01-17
ADMIN-CC-180,ADMIN-FUND-003,ADMIN-INV-019,4,2023-08-08,2023-09-07,1812946.92,EUR,8231022.11,EUR,22.03,Investment and fees,36258.94,1776687.98,0.0,Paid,2023-08-08,1812946.92,EUR,ADMIN-FUND-003-ADMIN-INV-019-CALL-4,1.0,2023-08-08,INTERNAL,2023-08-08,2023-08-08
ADMIN-CC-181,ADMIN-FUND-003,ADMIN-INV-019,5,2024-09-16,2024-10-16,1520963.75,EUR,8231022.11,EUR,18.48,Investment and fees,30419.28,1490544.47,0.0,Paid,2024-09-16,1520963.75,EUR,ADMIN-FUND-003-ADMIN-INV-019-CALL-5,1.0,2024-09-16,INTERNAL,2024-09-16,2024-09-16
ADMIN-CC-182,ADMIN-FUND-003,ADMIN-INV-007,1,2021-03-17,2021-04-16,1292153.68,EUR,8567020.89,EUR,15.08,Investment and fees,25843.07,1266310.61,0.0,Paid,2021-03-17,1292153.68,EUR,ADMIN-FUND-003-ADMIN-INV-007-CALL-1,1.0,2021-03-17,INTERNAL,2021-03-17,2021-03-17
ADMIN-CC-183,ADMIN-FUND-003,ADMIN-INV-007,2,2021-01-24,2021-02-23,1292153.68,EUR,8567020.89,EUR,15.08,Investment and fees,25843.07,1266310.61,0.0,Paid,2021-01-24,1292153.68,EUR,ADMIN-FUND-003-ADMIN-INV-007-CALL-2,1.0,2021-01-24,INTERNAL,2021-01-24,2021-01-24
ADMIN-CC-184,ADMIN-FUND-003,ADMIN-INV-007,3,2022-07-18,2022-08-17,1067820.41,EUR,8567020.89,EUR,12.46,Investment and fees,21356.41,1046464.0,0.0,Paid,2022-07-18,1067820.41,EUR,ADMIN-FUND-003-ADMIN-INV-007-CALL-3,1.0,2022-07-18,INTERNAL,2022-07-18,2022-07-18
ADMIN-CC-185,ADMIN-FUND-003,ADMIN-INV-007,4,2022-02-06,2022-03-08,1067820.41,EUR,8567020.89,EUR,12.46,Investment and fees,21356.41,1046464.0,0.0,Paid,2022-02-06,1067820.41,EUR,ADMIN-FUND-003-ADMIN-INV-007-CALL-4,1.0,2022-02-06,INTERNAL,2022-02-06,2022-02-06
ADMIN-CC-186,ADMIN-FUND-003,ADMIN-INV-007,5,2023-01-31,2023-03-02,3814592.44,EUR,8567020.89,EUR,44.53,Investment and fees,76291.85,3738300.59,0.0,Paid,2023-01-31,3814592.44,EUR,ADMIN-FUND-003-ADMIN-INV-007-CALL-5,1.0,2023-01-31,INTERNAL,2023-01-31,2023-01-31
ADMIN-CC-187,ADMIN-FUND-003,ADMIN-INV-024,1,2021-09-14,2021-10-14,473155.81,EUR,3163362.29,EUR,14.96,Investment and fees,9463.12,463692.69,0.0,Paid,2021-09-14,473155.81,EUR,ADMIN-FUND-003-ADMIN-INV-024-CALL-1,1.0,2021-09-14,INTERNAL,2021-09-14,2021-09-14
ADMIN-CC-188,ADMIN-FUND-003,ADMIN-INV-024,2,2021-05-17,2021-06-16,473155.81,EUR,3163362.29,EUR,14.96,Investment and fees,9463.12,463692.69,0.0,Paid,2021-05-17,473155.81,EUR,ADMIN-FUND-003-ADMIN-INV-024-CALL-2,1.0,2021-05-17,INTERNAL,2021-05-17,2021-05-17
ADMIN-CC-189,ADMIN-FUND-003,ADMIN-INV-024,3,2022-04-22,2022-05-22,875825.49,EUR,3163362.29,EUR,27.69,Investment and fees,17516.51,858308.98,0.0,Paid,2022-04-22,875825.49,EUR,ADMIN-FUND-003-ADMIN-INV-024-CALL-3,1.0,2022-04-22,INTERNAL,2022-04-22,2022-04-22
ADMIN-CC-190,ADMIN-FUND-003,ADMIN-INV-024,4,2023-10-19,2023-11-18,748338.33,EUR,3163362.29,EUR,23.66,Investment and fees,14966.77,733371.56,0.0,Paid,2023-10-19,748338.33,EUR,ADMIN-FUND-003-ADMIN-INV-024-CALL-4,1.0,2023-10-19,INTERNAL,2023-10-19,2023-10-19
ADMIN-CC-191,ADMIN-FUND-003,ADMIN-INV-024,5,2024-06-06,2024-07-06,158572.29,EUR,3163362.29,EUR,5.01,Investment and fees,3171.45,155400.84,0.0,Paid,2024-06-06,158572.29,EUR,ADMIN-FUND-003-ADMIN-INV-024-CALL-5,1.0,2024-06-06,INTERNAL,2024-06-06,2024-06-06
ADMIN-CC-192,ADMIN-FUND-003,ADMIN-INV-024,6,2024-10-24,2024-11-23,158572.29,EUR,3163362.29,EUR,5.01,Investment and fees,3171.45,155400.84,0.0,Paid,2024-10-24,158572.29,EUR,ADMIN-FUND-003-ADMIN-INV-024-CALL-6,1.0,2024-10-24,INTERNAL,2024-10-24,2024-10-24
ADMIN-CC-193,ADMIN-FUND-003,ADMIN-INV-024,7,2025-04-26,2025-05-26,263748.97,EUR,3163362.29,EUR,8.34,Investment and fees,5274.98,258473.99,0.0,Paid,2025-04-26,263748.97,EUR,ADMIN-FUND-003-ADMIN-INV-024-CALL-7,1.0,2025-04-26,INTERNAL,2025-04-26,2025-04-26
ADMIN-CC-194,ADMIN-FUND-003,ADMIN-INV-001,1,2021-05-11,2021-06-10,1913096.38,EUR,14739980.92,EUR,12.98,Investment and fees,38261.93,1874834.45,0.0,Paid,2021-05-11,1913096.38,EUR,ADMIN-FUND-003-ADMIN-INV-001-CALL-1,1.0,2021-05-11,INTERNAL,2021-05-11,2021-05-11
ADMIN-CC-195,ADMIN-FUND-003,ADMIN-INV-001,2,2021-03-08,2021-04-07,1913096.38,EUR,14739980.92,EUR,12.98,Investment and fees,38261.93,1874834.45,0.0,Paid,2021-03-08,1913096.38,EUR,ADMIN-FUND-003-ADMIN-INV-001-CALL-2,1.0,2021-03-08,INTERNAL,2021-03-08,2021-03-08
ADMIN-CC-196,ADMIN-FUND-003,ADMIN-INV-001,3,2022-04-05,2022-05-05,2047740.15,EUR,14739980.92,EUR,13.89,Investment and fees,40954.8,2006785.35,0.0,Paid,2022-04-05,2047740.15,EUR,ADMIN-FUND-003-ADMIN-INV-001-CALL-3,1.0,2022-04-05,INTERNAL,2022-04-05,2022-04-05
ADMIN-CC-197,ADMIN-FUND-003,ADMIN-INV-001,4,2022-05-27,2022-06-26,2047740.15,EUR,14739980.92,EUR,13.89,Investment and fees,40954.8,2006785.35,0.0,Paid,2022-05-27,2047740.15,EUR,ADMIN-FUND-003-ADMIN-INV-001-CALL-4,1.0,2022-05-27,INTERNAL,2022-05-27,2022-05-27
ADMIN-CC-198,ADMIN-FUND-003,ADMIN-INV-001,5,2023-08-24,2023-09-23,6762423.95,EUR,14739980.92,EUR,45.88,Investment and fees,135248.48,6627175.47,0.0,Paid,2023-08-24,6762423.95,EUR,ADMIN-FUND-003-ADMIN-INV-001-CALL-5,1.0,2023-08-24,INTERNAL,2023-08-24,2023-08-24
ADMIN-CC-199,ADMIN-FUND-004,ADMIN-INV-025,1,2015-09-19,2015-10-19,2299954.11,USD,20598376.31,USD,11.17,Investment and fees,45999.08,2253955.03,0.0,Paid,2015-09-19,2299954.11,USD,ADMIN-FUND-004-ADMIN-INV-025-CALL-1,1.0,2015-09-19,INTERNAL,2015-09-19,2015-09-19
ADMIN-CC-200,ADMIN-FUND-004,ADMIN-INV-025,2,2015-05-10,2015-06-09,2299954.11,USD,20598376.31,USD,11.17,Investment and fees,45999.08,2253955.03,0.0,Paid,2015-05-10,2299954.11,USD,ADMIN-FUND-004-ADMIN-INV-025-CALL-2,1.0,2015-05-10,INTERNAL,2015-05-10,2015-05-10
ADMIN-CC-201,ADMIN-FUND-004,ADMIN-INV-025,3,2016-01-08,2016-02-07,4707492.94,USD,20598376.31,USD,22.85,Investment and fees,94149.86,4613343.08,0.0,Paid,2016-01-08,4707492.94,USD,ADMIN-FUND-004-ADMIN-INV-025-CALL-3,1.0,2016-01-08,INTERNAL,2016-01-08,2016-01-08
ADMIN-CC-202,ADMIN-FUND-004,ADMIN-INV-025,4,2017-03-01,2017-03-31,8416710.7,USD,20598376.31,USD,40.86,Investment and fees,168334.21,8248376.49,0.0,Paid,2017-03-01,8416710.7,USD,ADMIN-FUND-004-ADMIN-INV-025-CALL-4,1.0,2017-03-01,INTERNAL,2017-03-01,2017-03-01
ADMIN-CC-203,ADMIN-FUND-004,ADMIN-INV-014,1,2015-01-01,2015-01-31,626909.9,USD,2724655.91,USD,23.01,Investment and fees,12538.2,614371.7,0.0,Paid,2015-01-01,626909.9,USD,ADMIN-FUND-004-ADMIN-INV-014-CALL-1,1.0,2015-01-01,INTERNAL,2015-01-01,2015-01-01
ADMIN-CC-204,ADMIN-FUND-004,ADMIN-INV-014,2,2016-02-28,2016-03-29,302448.53,USD,2724655.91,USD,11.1,Investment and fees,6048.97,296399.56,0.0,Paid,2016-02-28,302448.53,USD,ADMIN-FUND-004-ADMIN-INV-014-CALL-2,1.0,2016-02-28,INTERNAL,2016-02-28,2016-02-28
ADMIN-CC-205,ADMIN-FUND-004,ADMIN-INV-014,3,2016-02-16,2016-03-17,302448.53,USD,2724655.91,USD,11.1,Investment and fees,6048.97,296399.56,0.0,Paid,2016-02-16,302448.53,USD,ADMIN-FUND-004-ADMIN-INV-014-CALL-3,1.0,2016-02-16,INTERNAL,2016-02-16,2016-02-16
ADMIN-CC-206,ADMIN-FUND-004,ADMIN-INV-014,4,2017-03-24,2017-04-23,284729.67,USD,2724655.91,USD,10.45,Investment and fees,5694.59,279035.08,0.0,Paid,2017-03-24,284729.67,USD,ADMIN-FUND-004-ADMIN-INV-014-CALL-4,1.0,2017-03-24,INTERNAL,2017-03-24,2017-03-24
ADMIN-CC-207,ADMIN-FUND-004,ADMIN-INV-014,5,2017-04-26,2017-05-26,827925.16,USD,2724655.91,USD,30.39,Investment and fees,16558.5,811366.66,0.0,Paid,2017-04-26,827925.16,USD,ADMIN-FUND-004-ADMIN-INV-014-CALL-5,1.0,2017-04-26,INTERNAL,2017-04-26,2017-04-26
ADMIN-CC-208,ADMIN-FUND-004,ADMIN-INV-008,1,2015-12-29,2016-01-28,672036.62,USD,2993633.61,USD,22.45,Investment and fees,13440.73,658595.89,0.0,Paid,2015-12-29,672036.62,USD,ADMIN-FUND-004-ADMIN-INV-008-CALL-1,1.0,2015-12-29,INTERNAL,2015-12-29,2015-12-29
ADMIN-CC-209,ADMIN-FUND-004,ADMIN-INV-008,2,2016-06-22,2016-07-22,648994.7,USD,2993633.61,USD,21.68,Investment and fees,12979.89,636014.81,0.0,Paid,2016-06-22,648994.7,USD,ADMIN-FUND-004-ADMIN-INV-008-CALL-2,1.0,2016-06-22,INTERNAL,2016-06-22,2016-06-22
ADMIN-CC-210,ADMIN-FUND-004,ADMIN-INV-008,3,2017-09-03,2017-10-03,760467.86,USD,2993633.61,USD,25.4,Investment and fees,15209.36,745258.5,0.0,Paid,2017-09-03,760467.86,USD,ADMIN-FUND-004-ADMIN-INV-008-CALL-3,1.0,2017-09-03,INTERNAL,2017-09-03,2017-09-03
ADMIN-CC-211,ADMIN-FUND-004,ADMIN-INV-008,4,2018-02-04,2018-03-06,189851.73,USD,2993633.61,USD,6.34,Investment and fees,3797.03,186054.7,0.0,Paid,2018-02-04,189851.73,USD,ADMIN-FUND-004-ADMIN-INV-008-CALL-4,1.0,2018-02-04,INTERNAL,2018-02-04,2018-02-04
ADMIN-CC-212,ADMIN-FUND-004,ADMIN-INV-008,5,2019-11-08,2019-12-08,117841.97,USD,2993633.61,USD,3.94,Investment and fees,2356.84,115485.13,0.0,Paid,2019-11-08,117841.97,USD,ADMIN-FUND-004-ADMIN-INV-008-CALL-5,1.0,2019-11-08,INTERNAL,2019-11-08,2019-11-08
ADMIN-CC-213,ADMIN-FUND-004,ADMIN-INV-008,6,2019-03-21,2019-04-20,186713.89,USD,2993633.61,USD,6.24,Investment and fees,3734.28,182979.61,0.0,Paid,2019-03-21,186713.89,USD,ADMIN-FUND-004-ADMIN-INV-008-CALL-6,1.0,2019-03-21,INTERNAL,2019-03-21,2019-03-21
ADMIN-CC-214,ADMIN-FUND-004,ADMIN-INV-006,1,2015-05-23,2015-06-22,1230896.67,USD,10431835.49,USD,11.8,Investment and fees,24617.93,1206278.74,0.0,Paid,2015-05-23,1230896.67,USD,ADMIN-FUND-004-ADMIN-INV-006-CALL-1,1.0,2015-05-23,INTERNAL,2015-05-23,2015-05-23
ADMIN-CC-215,ADMIN-FUND-004,ADMIN-INV-006,2,2015-09-07,2015-10-07,1230896.67,USD,10431835.49,USD,11.8,Investment and fees,24617.93,1206278.74,0.0,Paid,2015-09-07,1230896.67,USD,ADMIN-FUND-004-ADMIN-INV-006-CALL-2,1.0,2015-09-07,INTERNAL,2015-09-07,2015-09-07
ADMIN-CC-216,ADMIN-FUND-004,ADMIN-INV-006,3,2016-12-01,2016-12-31,1314949.0,USD,10431835.49,USD,12.61,Investment and fees,26298.98,1288650.02,0.0,Paid,2016-12-01,1314949.0,USD,ADMIN-FUND-004-ADMIN-INV-006-CALL-3,1.0,2016-12-01,INTERNAL,2016-12-01,2016-12-01
ADMIN-CC-217,ADMIN-FUND-004,ADMIN-INV-006,4,2016-04-18,2016-05-18,1314949.0,USD,10431835.49,USD,12.61,Investment and fees,26298.98,1288650.02,0.0,Paid,2016-04-18,1314949.0,USD,ADMIN-FUND-004-ADMIN-INV-006-CALL-4,1.0,2016-04-18,INTERNAL,2016-04-18,2016-04-18
ADMIN-CC-218,ADMIN-FUND-004,ADMIN-INV-006,5,2017-09-26,2017-10-26,3884502.53,USD,10431835.49,USD,37.24,Investment and fees,77690.05,3806812.48,0.0,Paid,2017-09-26,3884502.53,USD,ADMIN-FUND-004-ADMIN-INV-006-CALL-5,1.0,2017-09-26,INTERNAL,2017-09-26,2017-09-26
ADMIN-CC-219,ADMIN-FUND-004,ADMIN-INV-017,1,2015-06-26,2015-07-26,2696156.54,USD,11924590.76,USD,22.61,Investment and fees,53923.13,2642233.41,0.0,Paid,2015-06-26,2696156.54,USD,ADMIN-FUND-004-ADMIN-INV-017-CALL-1,1.0,2015-06-26,INTERNAL,2015-06-26,2015-06-26
ADMIN-CC-220,ADMIN-FUND-004,ADMIN-INV-017,2,2016-08-13,2016-09-12,2619482.8,USD,11924590.76,USD,21.97,Investment and fees,52389.66,2567093.14,0.0,Paid,2016-08-13,2619482.8,USD,ADMIN-FUND-004-ADMIN-INV-017-CALL-2,1.0,2016-08-13,INTERNAL,2016-08-13,2016-08-13
ADMIN-CC-221,ADMIN-FUND-004,ADMIN-INV-017,3,2017-08-24,2017-09-23,1519990.64,USD,11924590.76,USD,12.75,Investment and fees,30399.81,1489590.83,0.0,Paid,2017-08-24,1519990.64,USD,ADMIN-FUND-004-ADMIN-INV-017-CALL-3,1.0,2017-08-24,INTERNAL,2017-08-24,2017-08-24
ADMIN-CC-222,ADMIN-FUND-004,ADMIN-INV-017,4,2017-07-02,2017-08-01,1519990.64,USD,11924590.76,USD,12.75,Investment and fees,30399.81,1489590.83,0.0,Paid,2017-07-02,1519990.64,USD,ADMIN-FUND-004-ADMIN-INV-017-CALL-4,1.0,2017-07-02,INTERNAL,2017-07-02,2017-07-02
ADMIN-CC-223,ADMIN-FUND-004,ADMIN-INV-017,5,2018-10-27,2018-11-26,1905031.84,USD,11924590.76,USD,15.98,Investment and fees,38100.64,1866931.2,0.0,Paid,2018-10-27,1905031.84,USD,ADMIN-FUND-004-ADMIN-INV-017-CALL-5,1.0,2018-10-27,INTERNAL,2018-10-27,2018-10-27
ADMIN-CC-224,ADMIN-FUND-004,ADMIN-INV-015,1,2015-07-20,2015-08-19,1659200.19,USD,12548588.27,USD,13.22,Investment and fees,33184.0,1626016.19,0.0,Paid,2015-07-20,1659200.19,USD,ADMIN-FUND-004-ADMIN-INV-015-CALL-1,1.0,2015-07-20,INTERNAL,2015-07-20,2015-07-20
ADMIN-CC-225,ADMIN-FUND-004,ADMIN-INV-015,2,2015-03-25,2015-04-24,1659200.19,USD,12548588.27,USD,13.22,Investment and fees,33184.0,1626016.19,0.0,Paid,2015-03-25,1659200.19,USD,ADMIN-FUND-004-ADMIN-INV-015-CALL-2,1.0,2015-03-25,INTERNAL,2015-03-25,2015-03-25
ADMIN-CC-226,ADMIN-FUND-004,ADMIN-INV-015,3,2016-10-17,2016-11-16,2436855.45,USD,12548588.27,USD,19.42,Investment and fees,48737.11,2388118.34,0.0,Paid,2016-10-17,2436855.45,USD,ADMIN-FUND-004-ADMIN-INV-015-CALL-3,1.0,2016-10-17,INTERNAL,2016-10-17,2016-10-17
ADMIN-CC-227,ADMIN-FUND-004,ADMIN-INV-015,4,2017-04-14,2017-05-14,5042322.52,USD,12548588.27,USD,40.18,Investment and fees,100846.45,4941476.07,0.0,Paid,2017-04-14,5042322.52,USD,ADMIN-FUND-004-ADMIN-INV-015-CALL-4,1.0,2017-04-14,INTERNAL,2017-04-14,2017-04-14
ADMIN-CC-228,ADMIN-FUND-004,ADMIN-INV-002,1,2015-06-03,2015-07-03,816363.26,USD,7123745.33,USD,11.46,Investment and fees,16327.27,800035.99,0.0,Paid,2015-06-03,816363.26,USD,ADMIN-FUND-004-ADMIN-INV-002-CALL-1,1.0,2015-06-03,INTERNAL,2015-06-03,2015-06-03
ADMIN-CC-229,ADMIN-FUND-004,ADMIN-INV-002,2,2015-12-02,2016-01-01,816363.26,USD,7123745.33,USD,11.46,Investment and fees,16327.27,800035.99,0.0,Paid,2015-12-02,816363.26,USD,ADMIN-FUND-004-ADMIN-INV-002-CALL-2,1.0,2015-12-02,INTERNAL,2015-12-02,2015-12-02
ADMIN-CC-230,ADMIN-FUND-004,ADMIN-INV-002,3,2016-08-13,2016-09-12,1757084.41,USD,7123745.33,USD,24.67,Investment and fees,35141.69,1721942.72,0.0,Paid,2016-08-13,1757084.41,USD,ADMIN-FUND-004-ADMIN-INV-002-CALL-3,1.0,2016-08-13,INTERNAL,2016-08-13,2016-08-13
ADMIN-CC-231,ADMIN-FUND-004,ADMIN-INV-002,4,2017-07-20,2017-08-19,2739898.38,USD,7123745.33,USD,38.46,Investment and fees,54797.97,2685100.41,0.0,Paid,2017-07-20,2739898.38,USD,ADMIN-FUND-004-ADMIN-INV-002-CALL-4,1.0,2017-07-20,INTERNAL,2017-07-20,2017-07-20
ADMIN-CC-232,ADMIN-FUND-004,ADMIN-INV-018,1,2015-11-01,2015-12-01,1789523.96,USD,16956329.62,USD,10.55,Investment and fees,35790.48,1753733.48,0.0,Paid,2015-11-01,1789523.96,USD,ADMIN-FUND-004-ADMIN-INV-018-CALL-1,1.0,2015-11-01,INTERNAL,2015-11-01,2015-11-01
ADMIN-CC-233,ADMIN-FUND-004,ADMIN-INV-018,2,2015-12-18,2016-01-17,1789523.96,USD,16956329.62,USD,10.55,Investment and fees,35790.48,1753733.48,0.0,Paid,2015-12-18,1789523.96,USD,ADMIN-FUND-004-ADMIN-INV-018-CALL-2,1.0,2015-12-18,INTERNAL,2015-12-18,2015-12-18
ADMIN-CC-234,ADMIN-FUND-004,ADMIN-INV-018,3,2016-11-14,2016-12-14,3429951.53,USD,16956329.62,USD,20.23,Investment and fees,68599.03,3361352.5,0.0,Paid,2016-11-14,3429951.53,USD,ADMIN-FUND-004-ADMIN-INV-018-CALL-3,1.0,2016-11-14,INTERNAL,2016-11-14,2016-11-14
ADMIN-CC-235,ADMIN-FUND-004,ADMIN-INV-018,4,2017-03-17,2017-04-16,2056425.68,USD,16956329.62,USD,12.13,Investment and fees,41128.51,2015297.17,0.0,Paid,2017-03-17,2056425.68,USD,ADMIN-FUND-004-ADMIN-INV-018-CALL-4,1.0,2017-03-17,INTERNAL,2017-03-17,2017-03-17
ADMIN-CC-236,ADMIN-FUND-004,ADMIN-INV-018,5,2017-11-24,2017-12-24,2056425.68,USD,16956329.62,USD,12.13,Investment and fees,41128.51,2015297.17,0.0,Paid,2017-11-24,2056425.68,USD,ADMIN-FUND-004-ADMIN-INV-018-CALL-5,1.0,2017-11-24,INTERNAL,2017-11-24,2017-11-24
ADMIN-CC-237,ADMIN-FUND-004,ADMIN-INV-018,6,2018-06-09,2018-07-09,3468419.72,USD,16956329.62,USD,20.46,Investment and fees,69368.39,3399051.33,0.0,Paid,2018-06-09,3468419.72,USD,ADMIN-FUND-004-ADMIN-INV-018-CALL-6,1.0,2018-06-09,INTERNAL,2018-06-09,2018-06-09
ADMIN-CC-238,ADMIN-FUND-004,ADMIN-INV-023,1,2015-07-19,2015-08-18,1230666.5,USD,9936339.94,USD,12.39,Investment and fees,24613.33,1206053.17,0.0,Paid,2015-07-19,1230666.5,USD,ADMIN-FUND-004-ADMIN-INV-023-CALL-1,1.0,2015-07-19,INTERNAL,2015-07-19,2015-07-19
ADMIN-CC-239,ADMIN-FUND-004,ADMIN-INV-023,2,2015-12-20,2016-01-19,1230666.5,USD,9936339.94,USD,12.39,Investment and fees,24613.33,1206053.17,0.0,Paid,2015-12-20,1230666.5,USD,ADMIN-FUND-004-ADMIN-INV-023-CALL-2,1.0,2015-12-20,INTERNAL,2015-12-20,2015-12-20
ADMIN-CC-240,ADMIN-FUND-004,ADMIN-INV-023,3,2016-09-12,2016-10-12,1113295.5,USD,9936339.94,USD,11.2,Investment and fees,22265.91,1091029.59,0.0,Paid,2016-09-12,1113295.5,USD,ADMIN-FUND-004-ADMIN-INV-023-CALL-3,1.0,2016-09-12,INTERNAL,2016-09-12,2016-09-12
ADMIN-CC-241,ADMIN-FUND-004,ADMIN-INV-023,4,2016-06-18,2016-07-18,1113295.5,USD,9936339.94,USD,11.2,Investment and fees,22265.91,1091029.59,0.0,Paid,2016-06-18,1113295.5,USD,ADMIN-FUND-004-ADMIN-INV-023-CALL-4,1.0,2016-06-18,INTERNAL,2016-06-18,2016-06-18
ADMIN-CC-242,ADMIN-FUND-004,ADMIN-INV-023,5,2017-07-25,2017-08-24,1067964.59,USD,9936339.94,USD,10.75,Investment and fees,21359.29,1046605.3,0.0,Paid,2017-07-25,1067964.59,USD,ADMIN-FUND-004-ADMIN-INV-023-CALL-5,1.0,2017-07-25,INTERNAL,2017-07-25,2017-07-25
ADMIN-CC-243,ADMIN-FUND-004,ADMIN-INV-023,6,2017-10-28,2017-11-27,2793950.38,USD,9936339.94,USD,28.12,Investment and fees,55879.01,2738071.37,0.0,Paid,2017-10-28,2793950.38,USD,ADMIN-FUND-004-ADMIN-INV-023-CALL-6,1.0,2017-10-28,INTERNAL,2017-10-28,2017-10-28
ADMIN-CC-244,ADMIN-FUND-005,ADMIN-INV-018,1,2019-08-17,2019-09-16,117034.5,EUR,1204342.16,EUR,9.72,Investment and fees,2340.69,114693.81,0.0,Paid,2019-08-17,117034.5,EUR,ADMIN-FUND-005-ADMIN-INV-018-CALL-1,1.0,2019-08-17,INTERNAL,2019-08-17,2019-08-17
ADMIN-CC-245,ADMIN-FUND-005,ADMIN-INV-018,2,2019-04-04,2019-05-04,117034.5,EUR,1204342.16,EUR,9.72,Investment and fees,2340.69,114693.81,0.0,Paid,2019-04-04,117034.5,EUR,ADMIN-FUND-005-ADMIN-INV-018-CALL-2,1.0,2019-04-04,INTERNAL,2019-04-04,2019-04-04
ADMIN-CC-246,ADMIN-FUND-005,ADMIN-INV-018,3,2020-05-02,2020-06-01,252699.24,EUR,1204342.16,EUR,20.98,Investment and fees,5053.98,247645.26,0.0,Paid,2020-05-02,252699.24,EUR,ADMIN-FUND-005-ADMIN-INV-018-CALL-3,1.0,2020-05-02,INTERNAL,2020-05-02,2020-05-02
ADMIN-CC-247,ADMIN-FUND-005,ADMIN-INV-018,4,2021-08-21,2021-09-20,230341.01,EUR,1204342.16,EUR,19.13,Investment and fees,4606.82,225734.19,0.0,Paid,2021-08-21,230341.01,EUR,ADMIN-FUND-005-ADMIN-INV-018-CALL-4,1.0,2021-08-21,INTERNAL,2021-08-21,2021-08-21
ADMIN-CC-248,ADMIN-FUND-005,ADMIN-INV-018,5,2022-03-11,2022-04-10,48577.36,EUR,1204342.16,EUR,4.03,Investment and fees,971.55,47605.81,0.0,Paid,2022-03-11,48577.36,EUR,ADMIN-FUND-005-ADMIN-INV-018-CALL-5,1.0,2022-03-11,INTERNAL,2022-03-11,2022-03-11
ADMIN-CC-249,ADMIN-FUND-005,ADMIN-INV-018,6,2022-05-03,2022-06-02,158655.24,EUR,1204342.16,EUR,13.17,Investment and fees,3173.1,155482.14,0.0,Paid,2022-05-03,158655.24,EUR,ADMIN-FUND-005-ADMIN-INV-018-CALL-6,1.0,2022-05-03,INTERNAL,2022-05-03,2022-05-03
ADMIN-CC-250,ADMIN-FUND-005,ADMIN-INV-015,1,2019-01-16,2019-02-15,889104.22,EUR,4441140.46,EUR,20.02,Investment and fees,17782.08,871322.14,0.0,Paid,2019-01-16,889104.22,EUR,ADMIN-FUND-005-ADMIN-INV-015-CALL-1,1.0,2019-01-16,INTERNAL,2019-01-16,2019-01-16
ADMIN-CC-251,ADMIN-FUND-005,ADMIN-INV-015,2,2020-09-10,2020-10-10,877013.07,EUR,4441140.46,EUR,19.75,Investment and fees,17540.26,859472.81,0.0,Paid,2020-09-10,877013.07,EUR,ADMIN-FUND-005-ADMIN-INV-015-CALL-2,1.0,2020-09-10,INTERNAL,2020-09-10,2020-09-10
ADMIN-CC-252,ADMIN-FUND-005,ADMIN-INV-015,3,2021-03-27,2021-04-26,475412.4,EUR,4441140.46,EUR,10.7,Investment and fees,9508.25,465904.15,0.0,Paid,2021-03-27,475412.4,EUR,ADMIN-FUND-005-ADMIN-INV-015-CALL-3,1.0,2021-03-27,INTERNAL,2021-03-27,2021-03-27
ADMIN-CC-253,ADMIN-FUND-005,ADMIN-INV-015,4,2021-03-14,2021-04-13,1167079.69,EUR,4441140.46,EUR,26.28,Investment and fees,23341.59,1143738.1,0.0,Paid,2021-03-14,1167079.69,EUR,ADMIN-FUND-005-ADMIN-INV-015-CALL-4,1.0,2021-03-14,INTERNAL,2021-03-14,2021-03-14
ADMIN-CC-254,ADMIN-FUND-005,ADMIN-INV-006,1,2019-04-24,2019-05-24,886323.54,EUR,4223332.4,EUR,20.99,Investment and fees,17726.47,868597.07,0.0,Paid,2019-04-24,886323.54,EUR,ADMIN-FUND-005-ADMIN-INV-006-CALL-1,1.0,2019-04-24,INTERNAL,2019-04-24,2019-04-24
ADMIN-CC-255,ADMIN-FUND-005,ADMIN-INV-006,2,2020-08-24,2020-09-23,451587.24,EUR,4223332.4,EUR,10.69,Investment and fees,9031.74,442555.5,0.0,Paid,2020-08-24,451587.24,EUR,ADMIN-FUND-005-ADMIN-INV-006-CALL-2,1.0,2020-08-24,INTERNAL,2020-08-24,2020-08-24
ADMIN-CC-256,ADMIN-FUND-005,ADMIN-INV-006,3,2020-08-19,2020-09-18,451587.24,EUR,4223332.4,EUR,10.69,Investment and fees,9031.74,442555.5,0.0,Paid,2020-08-19,451587.24,EUR,ADMIN-FUND-005-ADMIN-INV-006-CALL-3,1.0,2020-08-19,INTERNAL,2020-08-19,2020-08-19
ADMIN-CC-257,ADMIN-FUND-005,ADMIN-INV-006,4,2021-10-23,2021-11-22,835562.26,EUR,4223332.4,EUR,19.78,Investment and fees,16711.25,818851.01,0.0,Paid,2021-10-23,835562.26,EUR,ADMIN-FUND-005-ADMIN-INV-006-CALL-4,1.0,2021-10-23,INTERNAL,2021-10-23,2021-10-23
ADMIN-CC-258,ADMIN-FUND-005,ADMIN-INV-006,5,2022-07-24,2022-08-23,616379.74,EUR,4223332.4,EUR,14.59,Investment and fees,12327.59,604052.15,0.0,Paid,2022-07-24,616379.74,EUR,ADMIN-FUND-005-ADMIN-INV-006-CALL-5,1.0,2022-07-24,INTERNAL,2022-07-24,2022-07-24
ADMIN-CC-259,ADMIN-FUND-005,ADMIN-INV-016,1,2019-06-13,2019-07-13,854153.45,EUR,4969321.7,EUR,17.19,Investment and fees,17083.07,837070.38,0.0,Paid,2019-06-13,854153.45,EUR,ADMIN-FUND-005-ADMIN-INV-016-CALL-1,1.0,2019-06-13,INTERNAL,2019-06-13,2019-06-13
ADMIN-CC-260,ADMIN-FUND-005,ADMIN-INV-016,2,2020-12-05,2021-01-04,575994.55,EUR,4969321.7,EUR,11.59,Investment and fees,11519.89,564474.66,0.0,Paid,2020-12-05,575994.55,EUR,ADMIN-FUND-005-ADMIN-INV-016-CALL-2,1.0,2020-12-05,INTERNAL,2020-12-05,2020-12-05
ADMIN-CC-261,ADMIN-FUND-005,ADMIN-INV-016,3,2020-04-09,2020-05-09,575994.55,EUR,4969321.7,EUR,11.59,Investment and fees,11519.89,564474.66,0.0,Paid,2020-04-09,575994.55,EUR,ADMIN-FUND-005-ADMIN-INV-016-CALL-3,1.0,2020-04-09,INTERNAL,2020-04-09,2020-04-09
ADMIN-CC-262,ADMIN-FUND-005,ADMIN-INV-016,4,2021-08-06,2021-09-05,1807849.98,EUR,4969321.7,EUR,36.38,Investment and fees,36157.0,1771692.98,0.0,Paid,2021-08-06,1807849.98,EUR,ADMIN-FUND-005-ADMIN-INV-016-CALL-4,1.0,2021-08-06,INTERNAL,2021-08-06,2021-08-06
ADMIN-CC-263,ADMIN-FUND-005,ADMIN-INV-024,1,2019-11-04,2019-12-04,1631307.51,EUR,8395714.19,EUR,19.43,Investment and fees,32626.15,1598681.36,0.0,Paid,2019-11-04,1631307.51,EUR,ADMIN-FUND-005-ADMIN-INV-024-CALL-1,1.0,2019-11-04,INTERNAL,2019-11-04,2019-11-04
ADMIN-CC-264,ADMIN-FUND-005,ADMIN-INV-024,2,2020-10-21,2020-11-20,1613044.97,EUR,8395714.19,EUR,19.21,Investment and fees,32260.9,1580784.07,0.0,Paid,2020-10-21,1613044.97,EUR,ADMIN-FUND-005-ADMIN-INV-024-CALL-2,1.0,2020-10-21,INTERNAL,2020-10-21,2020-10-21
ADMIN-CC-265,ADMIN-FUND-005,ADMIN-INV-024,3,2021-05-07,2021-06-06,909489.15,EUR,8395714.19,EUR,10.83,Investment and fees,18189.78,891299.37,0.0,Paid,2021-05-07,909489.15,EUR,ADMIN-FUND-005-ADMIN-INV-024-CALL-3,1.0,2021-05-07,INTERNAL,2021-05-07,2021-05-07
ADMIN-CC-266,ADMIN-FUND-005,ADMIN-INV-024,4,2021-06-26,2021-07-26,909489.15,EUR,8395714.19,EUR,10.83,Investment and fees,18189.78,891299.37,0.0,Paid,2021-06-26,909489.15,EUR,ADMIN-FUND-005-ADMIN-INV-024-CALL-4,1.0,2021-06-26,INTERNAL,2021-06-26,2021-06-26
ADMIN-CC-267,ADMIN-FUND-005,ADMIN-INV-024,5,2022-07-11,2022-08-10,1380444.27,EUR,8395714.19,EUR,16.44,Investment and fees,27608.89,1352835.38,0.0,Paid,2022-07-11,1380444.27,EUR,ADMIN-FUND-005-ADMIN-INV-024-CALL-5,1.0,2022-07-11,INTERNAL,2022-07-11,2022-07-11
ADMIN-CC-268,ADMIN-FUND-005,ADMIN-INV-009,1,2019-07-23,2019-08-22,241869.13,EUR,2150780.88,EUR,11.25,Investment and fees,4837.38,237031.75,0.0,Paid,2019-07-23,241869.13,EUR,ADMIN-FUND-005-ADMIN-INV-009-CALL-1,1.0,2019-07-23,INTERNAL,2019-07-23,2019-07-23
ADMIN-CC-269,ADMIN-FUND-005,ADMIN-INV-009,2,2019-02-16,2019-03-18,241869.13,EUR,2150780.88,EUR,11.25,Investment and fees,4837.38,237031.75,0.0,Paid,2019-02-16,241869.13,EUR,ADMIN-FUND-005-ADMIN-INV-009-CALL-2,1.0,2019-02-16,INTERNAL,2019-02-16,2019-02-16
ADMIN-CC-270,ADMIN-FUND-005,ADMIN-INV-009,3,2020-10-09,2020-11-08,401732.56,EUR,2150780.88,EUR,18.68,Investment and fees,8034.65,393697.91,0.0,Paid,2020-10-09,401732.56,EUR,ADMIN-FUND-005-ADMIN-INV-009-CALL-3,1.0,2020-10-09,INTERNAL,2020-10-09,2020-10-09
ADMIN-CC-271,ADMIN-FUND-005,ADMIN-INV-009,4,2021-01-24,2021-02-23,200949.95,EUR,2150780.88,EUR,9.34,Investment and fees,4019.0,196930.95,0.0,Paid,2021-01-24,200949.95,EUR,ADMIN-FUND-005-ADMIN-INV-009-CALL-4,1.0,2021-01-24,INTERNAL,2021-01-24,2021-01-24
ADMIN-CC-272,ADMIN-FUND-005,ADMIN-INV-009,5,2021-09-19,2021-10-19,564320.06,EUR,2150780.88,EUR,26.24,Investment and fees,11286.4,553033.66,0.0,Paid,2021-09-19,564320.06,EUR,ADMIN-FUND-005-ADMIN-INV-009-CALL-5,1.0,2021-09-19,INTERNAL,2021-09-19,2021-09-19
ADMIN-CC-273,ADMIN-FUND-005,ADMIN-INV-008,1,2019-12-28,2020-01-27,691054.76,EUR,3594552.06,EUR,19.23,Investment and fees,13821.1,677233.66,0.0,Paid,2019-12-28,691054.76,EUR,ADMIN-FUND-005-ADMIN-INV-008-CALL-1,1.0,2019-12-28,INTERNAL,2019-12-28,2019-12-28
ADMIN-CC-274,ADMIN-FUND-005,ADMIN-INV-008,2,2020-09-09,2020-10-09,758592.01,EUR,3594552.06,EUR,21.1,Investment and fees,15171.84,743420.17,0.0,Paid,2020-09-09,758592.01,EUR,ADMIN-FUND-005-ADMIN-INV-008-CALL-2,1.0,2020-09-09,INTERNAL,2020-09-09,2020-09-09
ADMIN-CC-275,ADMIN-FUND-005,ADMIN-INV-008,3,2021-12-29,2022-01-28,382409.12,EUR,3594552.06,EUR,10.64,Investment and fees,7648.18,374760.94,0.0,Paid,2021-12-29,382409.12,EUR,ADMIN-FUND-005-ADMIN-INV-008-CALL-3,1.0,2021-12-29,INTERNAL,2021-12-29,2021-12-29
ADMIN-CC-276,ADMIN-FUND-005,ADMIN-INV-008,4,2021-05-15,2021-06-14,382409.12,EUR,3594552.06,EUR,10.64,Investment and fees,7648.18,374760.94,0.0,Paid,2021-05-15,382409.12,EUR,ADMIN-FUND-005-ADMIN-INV-008-CALL-4,1.0,2021-05-15,INTERNAL,2021-05-15,2021-05-15
ADMIN-CC-277,ADMIN-FUND-005,ADMIN-INV-008,5,2022-07-26,2022-08-25,97666.07,EUR,3594552.06,EUR,2.72,Investment and fees,1953.32,95712.75,0.0,Paid,2022-07-26,97666.07,EUR,ADMIN-FUND-005-ADMIN-INV-008-CALL-5,1.0,2022-07-26,INTERNAL,2022-07-26,2022-07-26
ADMIN-CC-278,ADMIN-FUND-005,ADMIN-INV-008,6,2022-09-02,2022-10-02,446715.2,EUR,3594552.06,EUR,12.43,Investment and fees,8934.3,437780.9,0.0,Paid,2022-09-02,446715.2,EUR,ADMIN-FUND-005-ADMIN-INV-008-CALL-6,1.0,2022-09-02,INTERNAL,2022-09-02,2022-09-02
ADMIN-CC-279,ADMIN-FUND-005,ADMIN-INV-020,1,2019-01-30,2019-03-01,1103283.92,EUR,10786226.63,EUR,10.23,Investment and fees,22065.68,1081218.24,0.0,Paid,2019-01-30,1103283.92,EUR,ADMIN-FUND-005-ADMIN-INV-020-CALL-1,1.0,2019-01-30,INTERNAL,2019-01-30,2019-01-30
ADMIN-CC-280,ADMIN-FUND-005,ADMIN-INV-020,2,2019-07-13,2019-08-12,1103283.92,EUR,10786226.63,EUR,10.23,Investment and fees,22065.68,1081218.24,0.0,Paid,2019-07-13,1103283.92,EUR,ADMIN-FUND-005-ADMIN-INV-020-CALL-2,1.0,2019-07-13,INTERNAL,2019-07-13,2019-07-13
ADMIN-CC-281,ADMIN-FUND-005,ADMIN-INV-020,3,2020-11-12,2020-12-12,2170663.91,EUR,10786226.63,EUR,20.12,Investment and fees,43413.28,2127250.63,0.0,Paid,2020-11-12,2170663.91,EUR,ADMIN-FUND-005-ADMIN-INV-020-CALL-3,1.0,2020-11-12,INTERNAL,2020-11-12,2020-11-12
ADMIN-CC-282,ADMIN-FUND-005,ADMIN-INV-020,4,2021-04-19,2021-05-19,1092301.4,EUR,10786226.63,EUR,10.13,Investment and fees,21846.03,1070455.37,0.0,Paid,2021-04-19,1092301.4,EUR,ADMIN-FUND-005-ADMIN-INV-020-CALL-4,1.0,2021-04-19,INTERNAL,2021-04-19,2021-04-19
ADMIN-CC-283,ADMIN-FUND-005,ADMIN-INV-020,5,2021-07-10,2021-08-09,2808978.54,EUR,10786226.63,EUR,26.04,Investment and fees,56179.57,2752798.97,0.0,Paid,2021-07-10,2808978.54,EUR,ADMIN-FUND-005-ADMIN-INV-020-CALL-5,1.0,2021-07-10,INTERNAL,2021-07-10,2021-07-10
ADMIN-CC-284,ADMIN-FUND-005,ADMIN-INV-017,1,2019-10-20,2019-11-19,2113938.55,EUR,10980040.37,EUR,19.25,Investment and fees,42278.77,2071659.78,0.0,Paid,2019-10-20,2113938.55,EUR,ADMIN-FUND-005-ADMIN-INV-017-CALL-1,1.0,2019-10-20,INTERNAL,2019-10-20,2019-10-20
ADMIN-CC-285,ADMIN-FUND-005,ADMIN-INV-017,2,2020-12-02,2021-01-01,1121331.85,EUR,10980040.37,EUR,10.21,Investment and fees,22426.64,1098905.21,0.0,Paid,2020-12-02,1121331.85,EUR,ADMIN-FUND-005-ADMIN-INV-017-CALL-2,1.0,2020-12-02,INTERNAL,2020-12-02,2020-12-02
ADMIN-CC-286,ADMIN-FUND-005,ADMIN-INV-017,3,2020-07-06,2020-08-05,1121331.85,EUR,10980040.37,EUR,10.21,Investment and fees,22426.64,1098905.21,0.0,Paid,2020-07-06,1121331.85,EUR,ADMIN-FUND-005-ADMIN-INV-017-CALL-3,1.0,2020-07-06,INTERNAL,2020-07-06,2020-07-06
ADMIN-CC-287,ADMIN-FUND-005,ADMIN-INV-017,4,2021-02-02,2021-03-04,4070662.97,EUR,10980040.37,EUR,37.07,Investment and fees,81413.26,3989249.71,0.0,Paid,2021-02-02,4070662.97,EUR,ADMIN-FUND-005-ADMIN-INV-017-CALL-4,1.0,2021-02-02,INTERNAL,2021-02-02,2021-02-02
ADMIN-CC-288,ADMIN-FUND-005,ADMIN-INV-022,1,2019-01-09,2019-02-08,117922.37,EUR,998324.27,EUR,11.81,Investment and fees,2358.45,115563.92,0.0,Paid,2019-01-09,117922.37,EUR,ADMIN-FUND-005-ADMIN-INV-022-CALL-1,1.0,2019-01-09,INTERNAL,2019-01-09,2019-01-09
ADMIN-CC-289,ADMIN-FUND-005,ADMIN-INV-022,2,2019-10-19,2019-11-18,117922.37,EUR,998324.27,EUR,11.81,Investment and fees,2358.45,115563.92,0.0,Paid,2019-10-19,117922.37,EUR,ADMIN-FUND-005-ADMIN-INV-022-CALL-2,1.0,2019-10-19,INTERNAL,2019-10-19,2019-10-19
ADMIN-CC-290,ADMIN-FUND-005,ADMIN-INV-022,3,2020-10-22,2020-11-21,187711.68,EUR,998324.27,EUR,18.8,Investment and fees,3754.23,183957.45,0.0,Paid,2020-10-22,187711.68,EUR,ADMIN-FUND-005-ADMIN-INV-022-CALL-3,1.0,2020-10-22,INTERNAL,2020-10-22,2020-10-22
ADMIN-CC-291,ADMIN-FUND-005,ADMIN-INV-022,4,2021-10-31,2021-11-30,87406.72,EUR,998324.27,EUR,8.76,Investment and fees,1748.13,85658.59,0.0,Paid,2021-10-31,87406.72,EUR,ADMIN-FUND-005-ADMIN-INV-022-CALL-4,1.0,2021-10-31,INTERNAL,2021-10-31,2021-10-31
ADMIN-CC-292,ADMIN-FUND-005,ADMIN-INV-022,5,2021-04-19,2021-05-19,87406.72,EUR,998324.27,EUR,8.76,Investment and fees,1748.13,85658.59,0.0,Paid,2021-04-19,87406.72,EUR,ADMIN-FUND-005-ADMIN-INV-022-CALL-5,1.0,2021-04-19,INTERNAL,2021-04-19,2021-04-19
ADMIN-CC-293,ADMIN-FUND-005,ADMIN-INV-022,6,2022-08-19,2022-09-18,37525.5,EUR,998324.27,EUR,3.76,Investment and fees,750.51,36774.99,0.0,Paid,2022-08-19,37525.5,EUR,ADMIN-FUND-005-ADMIN-INV-022-CALL-6,1.0,2022-08-19,INTERNAL,2022-08-19,2022-08-19
ADMIN-CC-294,ADMIN-FUND-005,ADMIN-INV-022,7,2022-10-08,2022-11-07,130326.18,EUR,998324.27,EUR,13.05,Investment and fees,2606.52,127719.66,0.0,Paid,2022-10-08,130326.18,EUR,ADMIN-FUND-005-ADMIN-INV-022-CALL-7,1.0,2022-10-08,INTERNAL,2022-10-08,2022-10-08
ADMIN-CC-295,ADMIN-FUND-005,ADMIN-INV-011,1,2019-11-14,2019-12-14,697392.31,EUR,6335413.74,EUR,11.01,Investment and fees,13947.85,683444.46,0.0,Paid,2019-11-14,697392.31,EUR,ADMIN-FUND-005-ADMIN-INV-011-CALL-1,1.0,2019-11-14,INTERNAL,2019-11-14,2019-11-14
ADMIN-CC-296,ADMIN-FUND-005,ADMIN-INV-011,2,2019-07-26,2019-08-25,697392.31,EUR,6335413.74,EUR,11.01,Investment and fees,13947.85,683444.46,0.0,Paid,2019-07-26,697392.31,EUR,ADMIN-FUND-005-ADMIN-INV-011-CALL-2,1.0,2019-07-26,INTERNAL,2019-07-26,2019-07-26
ADMIN-CC-297,ADMIN-FUND-005,ADMIN-INV-011,3,2020-09-29,2020-10-29,559346.68,EUR,6335413.74,EUR,8.83,Investment and fees,11186.93,548159.75,0.0,Paid,2020-09-29,559346.68,EUR,ADMIN-FUND-005-ADMIN-INV-011-CALL-3,1.0,2020-09-29,INTERNAL,2020-09-29,2020-09-29
ADMIN-CC-298,ADMIN-FUND-005,ADMIN-INV-011,4,2020-10-17,2020-11-16,559346.68,EUR,6335413.74,EUR,8.83,Investment and fees,11186.93,548159.75,0.0,Paid,2020-10-17,559346.68,EUR,ADMIN-FUND-005-ADMIN-INV-011-CALL-4,1.0,2020-10-17,INTERNAL,2020-10-17,2020-10-17
ADMIN-CC-299,ADMIN-FUND-005,ADMIN-INV-011,5,2021-07-27,2021-08-26,2349000.67,EUR,6335413.74,EUR,37.08,Investment and fees,46980.01,2302020.66,0.0,Paid,2021-07-27,2349000.67,EUR,ADMIN-FUND-005-ADMIN-INV-011-CALL-5,1.0,2021-07-27,INTERNAL,2021-07-27,2021-07-27
ADMIN-CC-300,ADMIN-FUND-005,ADMIN-INV-004,1,2019-06-30,2019-07-30,845541.14,EUR,8433933.73,EUR,10.03,Investment and fees,16910.82,828630.32,0.0,Paid,2019-06-30,845541.14,EUR,ADMIN-FUND-005-ADMIN-INV-004-CALL-1,1.0,2019-06-30,INTERNAL,2019-06-30,2019-06-30
ADMIN-CC-301,ADMIN-FUND-005,ADMIN-INV-004,2,2019-05-02,2019-06-01,845541.14,EUR,8433933.73,EUR,10.03,Investment and fees,16910.82,828630.32,0.0,Paid,2019-05-02,845541.14,EUR,ADMIN-FUND-005-ADMIN-INV-004-CALL-2,1.0,2019-05-02,INTERNAL,2019-05-02,2019-05-02
ADMIN-CC-302,ADMIN-FUND-005,ADMIN-INV-004,3,2020-11-19,2020-12-19,1621812.05,EUR,8433933.73,EUR,19.23,Investment and fees,32436.24,1589375.81,0.0,Paid,2020-11-19,1621812.05,EUR,ADMIN-FUND-005-ADMIN-INV-004-CALL-3,1.0,2020-11-19,INTERNAL,2020-11-19,2020-11-19
ADMIN-CC-303,ADMIN-FUND-005,ADMIN-INV-004,4,2021-04-14,2021-05-14,3160214.51,EUR,8433933.73,EUR,37.47,Investment and fees,63204.29,3097010.22,0.0,Paid,2021-04-14,3160214.51,EUR,ADMIN-FUND-005-ADMIN-INV-004-CALL-4,1.0,2021-04-14,INTERNAL,2021-04-14,2021-04-14
ADMIN-CC-304,ADMIN-FUND-005,ADMIN-INV-005,1,2019-03-13,2019-04-12,1433547.24,EUR,6462477.6,EUR,22.18,Investment and fees,28670.94,1404876.3,0.0,Paid,2019-03-13,1433547.24,EUR,ADMIN-FUND-005-ADMIN-INV-005-CALL-1,1.0,2019-03-13,INTERNAL,2019-03-13,2019-03-13
ADMIN-CC-305,ADMIN-FUND-005,ADMIN-INV-005,2,2020-10-14,2020-11-13,628510.96,EUR,6462477.6,EUR,9.73,Investment and fees,12570.22,615940.74,0.0,Paid,2020-10-14,628510.96,EUR,ADMIN-FUND-005-ADMIN-INV-005-CALL-2,1.0,2020-10-14,INTERNAL,2020-10-14,2020-10-14
ADMIN-CC-306,ADMIN-FUND-005,ADMIN-INV-005,3,2020-08-25,2020-09-24,628510.96,EUR,6462477.6,EUR,9.73,Investment and fees,12570.22,615940.74,0.0,Paid,2020-08-25,628510.96,EUR,ADMIN-FUND-005-ADMIN-INV-005-CALL-3,1.0,2020-08-25,INTERNAL,2020-08-25,2020-08-25
ADMIN-CC-307,ADMIN-FUND-005,ADMIN-INV-005,4,2021-06-06,2021-07-06,606566.61,EUR,6462477.6,EUR,9.39,Investment and fees,12131.33,594435.28,0.0,Paid,2021-06-06,606566.61,EUR,ADMIN-FUND-005-ADMIN-INV-005-CALL-4,1.0,2021-06-06,INTERNAL,2021-06-06,2021-06-06
ADMIN-CC-308,ADMIN-FUND-005,ADMIN-INV-005,5,2021-06-08,2021-07-08,606566.61,EUR,6462477.6,EUR,9.39,Investment and fees,12131.33,594435.28,0.0,Paid,2021-06-08,606566.61,EUR,ADMIN-FUND-005-ADMIN-INV-005-CALL-5,1.0,2021-06-08,INTERNAL,2021-06-08,2021-06-08
ADMIN-CC-309,ADMIN-FUND-005,ADMIN-INV-005,6,2022-09-12,2022-10-12,1056298.76,EUR,6462477.6,EUR,16.35,Investment and fees,21125.98,1035172.78,0.0,Paid,2022-09-12,1056298.76,EUR,ADMIN-FUND-005-ADMIN-INV-005-CALL-6,1.0,2022-09-12,INTERNAL,2022-09-12,2022-09-12
ADMIN-CC-310,ADMIN-FUND-005,ADMIN-INV-019,1,2019-08-14,2019-09-13,322918.25,EUR,3214876.0,EUR,10.04,Investment and fees,6458.36,316459.89,0.0,Paid,2019-08-14,322918.25,EUR,ADMIN-FUND-005-ADMIN-INV-019-CALL-1,1.0,2019-08-14,INTERNAL,2019-08-14,2019-08-14
ADMIN-CC-311,ADMIN-FUND-005,ADMIN-INV-019,2,2019-02-10,2019-03-12,322918.25,EUR,3214876.0,EUR,10.04,Investment and fees,6458.36,316459.89,0.0,Paid,2019-02-10,322918.25,EUR,ADMIN-FUND-005-ADMIN-INV-019-CALL-2,1.0,2019-02-10,INTERNAL,2019-02-10,2019-02-10
ADMIN-CC-312,ADMIN-FUND-005,ADMIN-INV-019,3,2020-11-21,2020-12-21,551769.02,EUR,3214876.0,EUR,17.16,Investment and fees,11035.38,540733.64,0.0,Paid,2020-11-21,551769.02,EUR,ADMIN-FUND-005-ADMIN-INV-019-CALL-3,1.0,2020-11-21,INTERNAL,2020-11-21,2020-11-21
ADMIN-CC-313,ADMIN-FUND-005,ADMIN-INV-019,4,2021-03-12,2021-04-11,352147.4,EUR,3214876.0,EUR,10.95,Investment and fees,7042.95,345104.45,0.0,Paid,2021-03-12,352147.4,EUR,ADMIN-FUND-005-ADMIN-INV-019-CALL-4,1.0,2021-03-12,INTERNAL,2021-03-12,2021-03-12
ADMIN-CC-314,ADMIN-FUND-005,ADMIN-INV-019,5,2021-10-19,2021-11-18,917689.07,EUR,3214876.0,EUR,28.55,Investment and fees,18353.78,899335.29,0.0,Paid,2021-10-19,917689.07,EUR,ADMIN-FUND-005-ADMIN-INV-019-CALL-5,1.0,2021-10-19,INTERNAL,2021-10-19,2021-10-19
ADMIN-CC-315,ADMIN-FUND-006,ADMIN-INV-013,1,2023-05-07,2023-06-06,1192641.86,USD,8893232.25,USD,13.41,Investment and fees,23852.84,1168789.02,0.0,Paid,2023-05-07,1192641.86,USD,ADMIN-FUND-006-ADMIN-INV-013-CALL-1,1.0,2023-05-07,INTERNAL,2023-05-07,2023-05-07
ADMIN-CC-316,ADMIN-FUND-006,ADMIN-INV-013,2,2023-06-02,2023-07-02,1192641.86,USD,8893232.25,USD,13.41,Investment and fees,23852.84,1168789.02,0.0,Paid,2023-06-02,1192641.86,USD,ADMIN-FUND-006-ADMIN-INV-013-CALL-2,1.0,2023-06-02,INTERNAL,2023-06-02,2023-06-02
ADMIN-CC-317,ADMIN-FUND-006,ADMIN-INV-013,3,2024-05-14,2024-06-13,1091824.37,USD,8893232.25,USD,12.28,Investment and fees,21836.49,1069987.88,0.0,Paid,2024-05-14,1091824.37,USD,ADMIN-FUND-006-ADMIN-INV-013-CALL-3,1.0,2024-05-14,INTERNAL,2024-05-14,2024-05-14
ADMIN-CC-318,ADMIN-FUND-006,ADMIN-INV-013,4,2024-05-29,2024-06-28,1091824.37,USD,8893232.25,USD,12.28,Investment and fees,21836.49,1069987.88,0.0,Paid,2024-05-29,1091824.37,USD,ADMIN-FUND-006-ADMIN-INV-013-CALL-4,1.0,2024-05-29,INTERNAL,2024-05-29,2024-05-29
ADMIN-CC-319,ADMIN-FUND-006,ADMIN-INV-013,5,2025-06-07,2025-07-07,2132299.28,USD,8893232.25,USD,23.98,Investment and fees,42645.99,2089653.29,0.0,Paid,2025-06-07,2132299.28,USD,ADMIN-FUND-006-ADMIN-INV-013-CALL-5,1.0,2025-06-07,INTERNAL,2025-06-07,2025-06-07
ADMIN-CC-320,ADMIN-FUND-006,ADMIN-INV-019,1,2023-11-08,2023-12-08,1848493.82,USD,6497364.09,USD,28.45,Investment and fees,36969.88,1811523.94,0.0,Paid,2023-11-08,1848493.82,USD,ADMIN-FUND-006-ADMIN-INV-019-CALL-1,1.0,2023-11-08,INTERNAL,2023-11-08,2023-11-08
ADMIN-CC-321,ADMIN-FUND-006,ADMIN-INV-019,2,2024-12-27,2025-01-26,1575376.12,USD,6497364.09,USD,24.25,Investment and fees,31507.52,1543868.6,0.0,Paid,2024-12-27,1575376.12,USD,ADMIN-FUND-006-ADMIN-INV-019-CALL-2,1.0,2024-12-27,INTERNAL,2024-12-27,2024-12-27
ADMIN-CC-322,ADMIN-FUND-006,ADMIN-INV-019,3,2025-05-22,2025-06-21,736013.16,USD,6497364.09,USD,11.33,Investment and fees,14720.26,721292.9,0.0,Paid,2025-05-22,736013.16,USD,ADMIN-FUND-006-ADMIN-INV-019-CALL-3,1.0,2025-05-22,INTERNAL,2025-05-22,2025-05-22
ADMIN-CC-323,ADMIN-FUND-006,ADMIN-INV-019,4,2025-10-24,2025-11-23,736013.16,USD,6497364.09,USD,11.33,Investment and fees,14720.26,721292.9,0.0,Paid,2025-10-24,736013.16,USD,ADMIN-FUND-006-ADMIN-INV-019-CALL-4,1.0,2025-10-24,INTERNAL,2025-10-24,2025-10-24
ADMIN-CC-324,ADMIN-FUND-006,ADMIN-INV-023,1,2023-01-09,2023-02-08,777294.08,USD,7176926.99,USD,10.83,Investment and fees,15545.88,761748.2,0.0,Paid,2023-01-09,777294.08,USD,ADMIN-FUND-006-ADMIN-INV-023-CALL-1,1.0,2023-01-09,INTERNAL,2023-01-09,2023-01-09
ADMIN-CC-325,ADMIN-FUND-006,ADMIN-INV-023,2,2023-09-27,2023-10-27,777294.08,USD,7176926.99,USD,10.83,Investment and fees,15545.88,761748.2,0.0,Paid,2023-09-27,777294.08,USD,ADMIN-FUND-006-ADMIN-INV-023-CALL-2,1.0,2023-09-27,INTERNAL,2023-09-27,2023-09-27
ADMIN-CC-326,ADMIN-FUND-006,ADMIN-INV-023,3,2024-03-15,2024-04-14,1927782.24,USD,7176926.99,USD,26.86,Investment and fees,38555.64,1889226.6,0.0,Paid,2024-03-15,1927782.24,USD,ADMIN-FUND-006-ADMIN-INV-023-CALL-3,1.0,2024-03-15,INTERNAL,2024-03-15,2024-03-15
ADMIN-CC-327,ADMIN-FUND-006,ADMIN-INV-023,4,2025-01-25,2025-02-24,1925590.35,USD,7176926.99,USD,26.83,Investment and fees,38511.81,1887078.54,0.0,Paid,2025-01-25,1925590.35,USD,ADMIN-FUND-006-ADMIN-INV-023-CALL-4,1.0,2025-01-25,INTERNAL,2025-01-25,2025-01-25
ADMIN-CC-328,ADMIN-FUND-006,ADMIN-INV-001,1,2023-10-22,2023-11-21,572608.29,USD,2623760.16,USD,21.82,Investment and fees,11452.17,561156.12,0.0,Paid,2023-10-22,572608.29,USD,ADMIN-FUND-006-ADMIN-INV-001-CALL-1,1.0,2023-10-22,INTERNAL,2023-10-22,2023-10-22
ADMIN-CC-329,ADMIN-FUND-006,ADMIN-INV-001,2,2024-02-21,2024-03-22,351079.65,USD,2623760.16,USD,13.38,Investment and fees,7021.59,344058.06,0.0,Paid,2024-02-21,351079.65,USD,ADMIN-FUND-006-ADMIN-INV-001-CALL-2,1.0,2024-02-21,INTERNAL,2024-02-21,2024-02-21
ADMIN-CC-330,ADMIN-FUND-006,ADMIN-INV-001,3,2024-05-07,2024-06-06,351079.65,USD,2623760.16,USD,13.38,Investment and fees,7021.59,344058.06,0.0,Paid,2024-05-07,351079.65,USD,ADMIN-FUND-006-ADMIN-INV-001-CALL-3,1.0,2024-05-07,INTERNAL,2024-05-07,2024-05-07
ADMIN-CC-331,ADMIN-FUND-006,ADMIN-INV-001,4,2025-02-23,2025-03-25,702289.15,USD,2623760.16,USD,26.77,Investment and fees,14045.78,688243.37,0.0,Paid,2025-02-23,702289.15,USD,ADMIN-FUND-006-ADMIN-INV-001-CALL-4,1.0,2025-02-23,INTERNAL,2025-02-23,2025-02-23
ADMIN-CC-332,ADMIN-FUND-006,ADMIN-INV-024,1,2023-01-23,2023-02-22,306533.53,USD,2610470.44,USD,11.74,Investment and fees,6130.67,300402.86,0.0,Paid,2023-01-23,306533.53,USD,ADMIN-FUND-006-ADMIN-INV-024-CALL-1,1.0,2023-01-23,INTERNAL,2023-01-23,2023-01-23
ADMIN-CC-333,ADMIN-FUND-006,ADMIN-INV-024,2,2023-09-03,2023-10-03,306533.53,USD,2610470.44,USD,11.74,Investment and fees,6130.67,300402.86,0.0,Paid,2023-09-03,306533.53,USD,ADMIN-FUND-006-ADMIN-INV-024-CALL-2,1.0,2023-09-03,INTERNAL,2023-09-03,2023-09-03
ADMIN-CC-334,ADMIN-FUND-006,ADMIN-INV-024,3,2024-06-03,2024-07-03,372080.2,USD,2610470.44,USD,14.25,Investment and fees,7441.6,364638.6,0.0,Paid,2024-06-03,372080.2,USD,ADMIN-FUND-006-ADMIN-INV-024-CALL-3,1.0,2024-06-03,INTERNAL,2024-06-03,2024-06-03
ADMIN-CC-335,ADMIN-FUND-006,ADMIN-INV-024,4,2024-09-22,2024-10-22,372080.2,USD,2610470.44,USD,14.25,Investment and fees,7441.6,364638.6,0.0,Paid,2024-09-22,372080.2,USD,ADMIN-FUND-006-ADMIN-INV-024-CALL-4,1.0,2024-09-22,INTERNAL,2024-09-22,2024-09-22
ADMIN-CC-336,ADMIN-FUND-006,ADMIN-INV-024,5,2025-04-09,2025-05-09,304907.61,USD,2610470.44,USD,11.68,Investment and fees,6098.15,298809.46,0.0,Paid,2025-04-09,304907.61,USD,ADMIN-FUND-006-ADMIN-INV-024-CALL-5,1.0,2025-04-09,INTERNAL,2025-04-09,2025-04-09
ADMIN-CC-337,ADMIN-FUND-006,ADMIN-INV-024,6,2025-05-27,2025-06-26,304907.61,USD,2610470.44,USD,11.68,Investment and fees,6098.15,298809.46,0.0,Paid,2025-05-27,304907.61,USD,ADMIN-FUND-006-ADMIN-INV-024-CALL-6,1.0,2025-05-27,INTERNAL,2025-05-27,2025-05-27
ADMIN-CC-338,ADMIN-FUND-006,ADMIN-INV-025,1,2023-01-20,2023-02-19,1263921.9,USD,5185162.96,USD,24.38,Investment and fees,25278.44,1238643.46,0.0,Paid,2023-01-20,1263921.9,USD,ADMIN-FUND-006-ADMIN-INV-025-CALL-1,1.0,2023-01-20,INTERNAL,2023-01-20,2023-01-20
ADMIN-CC-339,ADMIN-FUND-006,ADMIN-INV-025,2,2024-01-06,2024-02-05,1470518.73,USD,5185162.96,USD,28.36,Investment and fees,29410.37,1441108.36,0.0,Paid,2024-01-06,1470518.73,USD,ADMIN-FUND-006-ADMIN-INV-025-CALL-2,1.0,2024-01-06,INTERNAL,2024-01-06,2024-01-06
ADMIN-CC-340,ADMIN-FUND-006,ADMIN-INV-025,3,2025-06-04,2025-07-04,1172685.33,USD,5185162.96,USD,22.62,Investment and fees,23453.71,1149231.62,0.0,Paid,2025-06-04,1172685.33,USD,ADMIN-FUND-006-ADMIN-INV-025-CALL-3,1.0,2025-06-04,INTERNAL,2025-06-04,2025-06-04
ADMIN-CC-341,ADMIN-FUND-006,ADMIN-INV-016,1,2023-10-18,2023-11-17,99070.36,USD,345309.77,USD,28.69,Investment and fees,1981.41,97088.95,0.0,Paid,2023-10-18,99070.36,USD,ADMIN-FUND-006-ADMIN-INV-016-CALL-1,1.0,2023-10-18,INTERNAL,2023-10-18,2023-10-18
ADMIN-CC-342,ADMIN-FUND-006,ADMIN-INV-016,2,2024-01-15,2024-02-14,85259.71,USD,345309.77,USD,24.69,Investment and fees,1705.19,83554.52,0.0,Paid,2024-01-15,85259.71,USD,ADMIN-FUND-006-ADMIN-INV-016-CALL-2,1.0,2024-01-15,INTERNAL,2024-01-15,2024-01-15
ADMIN-CC-343,ADMIN-FUND-006,ADMIN-INV-016,3,2025-07-02,2025-08-01,75867.88,USD,345309.77,USD,21.97,Investment and fees,1517.36,74350.52,0.0,Paid,2025-07-02,75867.88,USD,ADMIN-FUND-006-ADMIN-INV-016-CALL-3,1.0,2025-07-02,INTERNAL,2025-07-02,2025-07-02
ADMIN-CC-344,ADMIN-FUND-006,ADMIN-INV-022,1,2023-07-21,2023-08-20,528530.85,USD,3998950.42,USD,13.22,Investment and fees,10570.62,517960.23,0.0,Paid,2023-07-21,528530.85,USD,ADMIN-FUND-006-ADMIN-INV-022-CALL-1,1.0,2023-07-21,INTERNAL,2023-07-21,2023-07-21
ADMIN-CC-345,ADMIN-FUND-006,ADMIN-INV-022,2,2023-07-02,2023-08-01,528530.85,USD,3998950.42,USD,13.22,Investment and fees,10570.62,517960.23,0.0,Paid,2023-07-02,528530.85,USD,ADMIN-FUND-006-ADMIN-INV-022-CALL-2,1.0,2023-07-02,INTERNAL,2023-07-02,2023-07-02
ADMIN-CC-346,ADMIN-FUND-006,ADMIN-INV-022,3,2024-04-07,2024-05-07,435883.59,USD,3998950.42,USD,10.9,Investment and fees,8717.67,427165.92,0.0,Paid,2024-04-07,435883.59,USD,ADMIN-FUND-006-ADMIN-INV-022-CALL-3,1.0,2024-04-07,INTERNAL,2024-04-07,2024-04-07
ADMIN-CC-347,ADMIN-FUND-006,ADMIN-INV-022,4,2024-06-18,2024-07-18,435883.59,USD,3998950.42,USD,10.9,Investment and fees,8717.67,427165.92,0.0,Paid,2024-06-18,435883.59,USD,ADMIN-FUND-006-ADMIN-INV-022-CALL-4,1.0,2024-06-18,INTERNAL,2024-06-18,2024-06-18
ADMIN-CC-348,ADMIN-FUND-006,ADMIN-INV-022,5,2025-11-18,2025-12-18,1084461.76,USD,3998950.42,USD,27.12,Investment and fees,21689.24,1062772.52,0.0,Paid,2025-11-18,1084461.76,USD,ADMIN-FUND-006-ADMIN-INV-022-CALL-5,1.0,2025-11-18,INTERNAL,2025-11-18,2025-11-18
ADMIN-CC-349,ADMIN-FUND-006,ADMIN-INV-012,1,2023-02-05,2023-03-07,2001983.54,USD,8079785.83,USD,24.78,Investment and fees,40039.67,1961943.87,0.0,Paid,2023-02-05,2001983.54,USD,ADMIN-FUND-006-ADMIN-INV-012-CALL-1,1.0,2023-02-05,INTERNAL,2023-02-05,2023-02-05
ADMIN-CC-350,ADMIN-FUND-006,ADMIN-INV-012,2,2024-12-27,2025-01-26,959996.1,USD,8079785.83,USD,11.88,Investment and fees,19199.92,940796.18,0.0,Paid,2024-12-27,959996.1,USD,ADMIN-FUND-006-ADMIN-INV-012-CALL-2,1.0,2024-12-27,INTERNAL,2024-12-27,2024-12-27
ADMIN-CC-351,ADMIN-FUND-006,ADMIN-INV-012,3,2024-07-03,2024-08-02,959996.1,USD,8079785.83,USD,11.88,Investment and fees,19199.92,940796.18,0.0,Paid,2024-07-03,959996.1,USD,ADMIN-FUND-006-ADMIN-INV-012-CALL-3,1.0,2024-07-03,INTERNAL,2024-07-03,2024-07-03
ADMIN-CC-352,ADMIN-FUND-006,ADMIN-INV-012,4,2025-04-07,2025-05-07,2166307.55,USD,8079785.83,USD,26.81,Investment and fees,43326.15,2122981.4,0.0,Paid,2025-04-07,2166307.55,USD,ADMIN-FUND-006-ADMIN-INV-012-CALL-4,1.0,2025-04-07,INTERNAL,2025-04-07,2025-04-07
ADMIN-CC-353,ADMIN-FUND-006,ADMIN-INV-010,1,2023-01-25,2023-02-24,640923.55,USD,4810176.15,USD,13.32,Investment and fees,12818.47,628105.08,0.0,Paid,2023-01-25,640923.55,USD,ADMIN-FUND-006-ADMIN-INV-010-CALL-1,1.0,2023-01-25,INTERNAL,2023-01-25,2023-01-25
ADMIN-CC-354,ADMIN-FUND-006,ADMIN-INV-010,2,2023-04-15,2023-05-15,640923.55,USD,4810176.15,USD,13.32,Investment and fees,12818.47,628105.08,0.0,Paid,2023-04-15,640923.55,USD,ADMIN-FUND-006-ADMIN-INV-010-CALL-2,1.0,2023-04-15,INTERNAL,2023-04-15,2023-04-15
ADMIN-CC-355,ADMIN-FUND-006,ADMIN-INV-010,3,2024-04-03,2024-05-03,602143.18,USD,4810176.15,USD,12.52,Investment and fees,12042.86,590100.32,0.0,Paid,2024-04-03,602143.18,USD,ADMIN-FUND-006-ADMIN-INV-010-CALL-3,1.0,2024-04-03,INTERNAL,2024-04-03,2024-04-03
ADMIN-CC-356,ADMIN-FUND-006,ADMIN-INV-010,4,2024-04-07,2024-05-07,602143.18,USD,4810176.15,USD,12.52,Investment and fees,12042.86,590100.32,0.0,Paid,2024-04-07,602143.18,USD,ADMIN-FUND-006-ADMIN-INV-010-CALL-4,1.0,2024-04-07,INTERNAL,2024-04-07,2024-04-07
ADMIN-CC-357,ADMIN-FUND-006,ADMIN-INV-010,5,2025-03-22,2025-04-21,569216.15,USD,4810176.15,USD,11.83,Investment and fees,11384.32,557831.83,0.0,Paid,2025-03-22,569216.15,USD,ADMIN-FUND-006-ADMIN-INV-010-CALL-5,1.0,2025-03-22,INTERNAL,2025-03-22,2025-03-22
ADMIN-CC-358,ADMIN-FUND-006,ADMIN-INV-010,6,2025-11-22,2025-12-22,569216.15,USD,4810176.15,USD,11.83,Investment and fees,11384.32,557831.83,0.0,Paid,2025-11-22,569216.15,USD,ADMIN-FUND-006-ADMIN-INV-010-CALL-6,1.0,2025-11-22,INTERNAL,2025-11-22,2025-11-22
ADMIN-CC-359,ADMIN-FUND-006,ADMIN-INV-020,1,2023-05-16,2023-06-15,551403.54,USD,1963545.63,USD,28.08,Investment and fees,11028.07,540375.47,0.0,Paid,2023-05-16,551403.54,USD,ADMIN-FUND-006-ADMIN-INV-020-CALL-1,1.0,2023-05-16,INTERNAL,2023-05-16,2023-05-16
ADMIN-CC-360,ADMIN-FUND-006,ADMIN-INV-020,2,2024-04-16,2024-05-16,221261.15,USD,1963545.63,USD,11.27,Investment and fees,4425.22,216835.93,0.0,Paid,2024-04-16,221261.15,USD,ADMIN-FUND-006-ADMIN-INV-020-CALL-2,1.0,2024-04-16,INTERNAL,2024-04-16,2024-04-16
ADMIN-CC-361,ADMIN-FUND-006,ADMIN-INV-020,3,2024-12-01,2024-12-31,221261.15,USD,1963545.63,USD,11.27,Investment and fees,4425.22,216835.93,0.0,Paid,2024-12-01,221261.15,USD,ADMIN-FUND-006-ADMIN-INV-020-CALL-3,1.0,2024-12-01,INTERNAL,2024-12-01,2024-12-01
ADMIN-CC-362,ADMIN-FUND-006,ADMIN-INV-020,4,2025-01-10,2025-02-09,485645.81,USD,1963545.63,USD,24.73,Investment and fees,9712.92,475932.89,0.0,Paid,2025-01-10,485645.81,USD,ADMIN-FUND-006-ADMIN-INV-020-CALL-4,1.0,2025-01-10,INTERNAL,2025-01-10,2025-01-10
ADMIN-CC-363,ADMIN-FUND-006,ADMIN-INV-007,1,2023-10-04,2023-11-03,713112.63,USD,5560564.57,USD,12.82,Investment and fees,14262.25,698850.38,0.0,Paid,2023-10-04,713112.63,USD,ADMIN-FUND-006-ADMIN-INV-007-CALL-1,1.0,2023-10-04,INTERNAL,2023-10-04,2023-10-04
ADMIN-CC-364,ADMIN-FUND-006,ADMIN-INV-007,2,2023-01-15,2023-02-14,713112.63,USD,5560564.57,USD,12.82,Investment and fees,14262.25,698850.38,0.0,Paid,2023-01-15,713112.63,USD,ADMIN-FUND-006-ADMIN-INV-007-CALL-2,1.0,2023-01-15,INTERNAL,2023-01-15,2023-01-15
ADMIN-CC-365,ADMIN-FUND-006,ADMIN-INV-007,3,2024-10-09,2024-11-08,1449183.43,USD,5560564.57,USD,26.06,Investment and fees,28983.67,1420199.76,0.0,Paid,2024-10-09,1449183.43,USD,ADMIN-FUND-006-ADMIN-INV-007-CALL-3,1.0,2024-10-09,INTERNAL,2024-10-09,2024-10-09
ADMIN-CC-366,ADMIN-FUND-006,ADMIN-INV-007,4,2025-11-22,2025-12-22,657295.02,USD,5560564.57,USD,11.82,Investment and fees,13145.9,644149.12,0.0,Paid,2025-11-22,657295.02,USD,ADMIN-FUND-006-ADMIN-INV-007-CALL-4,1.0,2025-11-22,INTERNAL,2025-11-22,2025-11-22
ADMIN-CC-367,ADMIN-FUND-006,ADMIN-INV-007,5,2025-11-22,2025-12-22,657295.02,USD,5560564.57,USD,11.82,Investment and fees,13145.9,644149.12,0.0,Paid,2025-11-22,657295.02,USD,ADMIN-FUND-006-ADMIN-INV-007-CALL-5,1.0,2025-11-22,INTERNAL,2025-11-22,2025-11-22
ADMIN-CC-368,ADMIN-FUND-006,ADMIN-INV-014,1,2023-11-28,2023-12-28,387211.14,USD,1518394.45,USD,25.5,Investment and fees,7744.22,379466.92,0.0,Paid,2023-11-28,387211.14,USD,ADMIN-FUND-006-ADMIN-INV-014-CALL-1,1.0,2023-11-28,INTERNAL,2023-11-28,2023-11-28
ADMIN-CC-369,ADMIN-FUND-006,ADMIN-INV-014,2,2024-08-12,2024-09-11,207120.17,USD,1518394.45,USD,13.64,Investment and fees,4142.4,202977.77,0.0,Paid,2024-08-12,207120.17,USD,ADMIN-FUND-006-ADMIN-INV-014-CALL-2,1.0,2024-08-12,INTERNAL,2024-08-12,2024-08-12
ADMIN-CC-370,ADMIN-FUND-006,ADMIN-INV-014,3,2024-05-26,2024-06-25,207120.17,USD,1518394.45,USD,13.64,Investment and fees,4142.4,202977.77,0.0,Paid,2024-05-26,207120.17,USD,ADMIN-FUND-006-ADMIN-INV-014-CALL-3,1.0,2024-05-26,INTERNAL,2024-05-26,2024-05-26
ADMIN-CC-371,ADMIN-FUND-006,ADMIN-INV-014,4,2025-08-27,2025-09-26,342689.69,USD,1518394.45,USD,22.57,Investment and fees,6853.79,335835.9,0.0,Paid,2025-08-27,342689.69,USD,ADMIN-FUND-006-ADMIN-INV-014-CALL-4,1.0,2025-08-27,INTERNAL,2025-08-27,2025-08-27
ADMIN-CC-372,ADMIN-FUND-006,ADMIN-INV-009,1,2023-03-21,2023-04-20,2022197.35,USD,7403022.96,USD,27.32,Investment and fees,40443.95,1981753.4,0.0,Paid,2023-03-21,2022197.35,USD,ADMIN-FUND-006-ADMIN-INV-009-CALL-1,1.0,2023-03-21,INTERNAL,2023-03-21,2023-03-21
ADMIN-CC-373,ADMIN-FUND-006,ADMIN-INV-009,2,2024-10-01,2024-10-31,1621960.52,USD,7403022.96,USD,21.91,Investment and fees,32439.21,1589521.31,0.0,Paid,2024-10-01,1621960.52,USD,ADMIN-FUND-006-ADMIN-INV-009-CALL-2,1.0,2024-10-01,INTERNAL,2024-10-01,2024-10-01
ADMIN-CC-374,ADMIN-FUND-006,ADMIN-INV-009,3,2025-01-25,2025-02-24,967085.4,USD,7403022.96,USD,13.06,Investment and fees,19341.71,947743.69,0.0,Paid,2025-01-25,967085.4,USD,ADMIN-FUND-006-ADMIN-INV-009-CALL-3,1.0,2025-01-25,INTERNAL,2025-01-25,2025-01-25
ADMIN-CC-375,ADMIN-FUND-006,ADMIN-INV-009,4,2025-03-25,2025-04-24,967085.4,USD,7403022.96,USD,13.06,Investment and fees,19341.71,947743.69,0.0,Paid,2025-03-25,967085.4,USD,ADMIN-FUND-006-ADMIN-INV-009-CALL-4,1.0,2025-03-25,INTERNAL,2025-03-25,2025-03-25
