company_id,company_name,legal_name,industry_primary,industry_secondary,country_code,state_province,city,founded_year,employee_count,revenue_range,website,description,business_model,competitive_position,key_risks,esg_score,base_currency_code,industry_id,created_date,last_modified_date,data_quality_score
CRM-COMP-001,DATA CENTER INNOVATIONS,DATA CENTER INNOVATIONS BV,Technology,,NL,New Hampshire,North Kellyfurt,1981,159,10-50m,https://www.data-center-innovations.nl,"DATA CENTER INNOVATIONS is a growth-stage business technology business focused on digital services for consumers in the Benelux region. The company combines proprietary technology with data-driven marketing to acquire and retain customers, with annual revenue of $10–50m.",B2C,Emerging,Fill ok list most international second former reflect even.,42.01,EUR,IND_TECH,2018-09-02,2018-12-19,0.8
CRM-COMP-002,SOUTHERN FOOD & BEVERAGE,SOUTHERN FOOD & BEVERAGE SPA,Consumer,,IT,Kentucky,North Jennifer,1996,239,250m+,https://www.southern-food-beverage.it,"SOUTHERN FOOD & BEVERAGE is a established mid-market company in the consumer and retail sector. The business operates a portfolio of brands and formats across Italy, generating over $250m in annual revenue, with a focus on customer experience, omnichannel distribution and brand development.",B2C,Leader,Build movie several continue describe machine right with modern executive.,42.08,USD,IND_CONS,2017-07-07,2018-06-04,0.92
CRM-COMP-003,BIOTECH GROUP,BIOTECH GROUP SA,Healthcare,,FR,Connecticut,West Jeremy,1989,1169,0-10m,https://www.biotech-group.fr,"BIOTECH GROUP is a established mid-market company operating in the healthcare and life sciences sector. The company develops and distributes specialised products and services to hospitals, clinics and healthcare providers in France, with annual revenue of up to $10m and a focus on quality, regulatory compliance and innovation.",B2B,Niche,Few remain call animal approach factor want point.,62.56,EUR,IND_HEALTH,2020-03-19,2021-03-12,0.75
CRM-COMP-004,SOUTHERN OUTSOURCING GROUP,SOUTHERN OUTSOURCING GROUP LTD,Business Services,,GB,Wisconsin,Garciatown,2017,1379,100-250m,https://www.southern-outsourcing-group.co.uk,"SOUTHERN OUTSOURCING GROUP is a established mid-market company providing outsourced business services to corporate and public-sector clients in the UK. The company benefits from long-term contracts, high revenue visibility and a diversified customer base, generating $100–250m in annual revenue.",B2B2C,Challenger,Expect long future whole education technology box assume man officer rather charge specific.,55.87,USD,IND_BUSSVCS,2017-03-23,2017-04-30,0.9
CRM-COMP-005,ENGINEERING DIVISION,ENGINEERING DIVISION LTD,Industrials,,IE,Maryland,East Davidchester,1982,1077,50-100m,https://www.engineering-division.ie,"ENGINEERING DIVISION is an established mid-market company active in industrial manufacturing and engineered products. The company supplies components and systems to blue-chip OEMs across Ireland, with annual revenue of $50–100m and a strong emphasis on operational excellence and long-term customer relationships.",B2B2C,Emerging,Other peace simply herself training father open investment notice art whether between several.,42.76,EUR,IND_INDUS,2018-10-29,2018-11-04,0.73
CRM-COMP-006,MANUFACTURING DIVISION,MANUFACTURING DIVISION AB,Industrials,,SE,South Dakota,West Donna,2013,187,100-250m,https://www.manufacturing-division.se,"MANUFACTURING DIVISION is an growth-stage business active in industrial manufacturing and engineered products. The company supplies components and systems to blue-chip OEMs across the Nordics, with annual revenue of $100–250m and a strong emphasis on operational excellence and long-term customer relationships.",B2B2C,Niche,Dream necessary choose impact ready like allow explain.,57.42,USD,IND_INDUS,2021-08-23,2022-01-07,0.94
CRM-COMP-007,LOGICORP PLATFORM,LOGICORP PLATFORM SPA,Technology,,IT,Maine,Jonesbury,2009,46,100-250m,https://www.logicorp-platform.it,"LOGICORP PLATFORM is a early-stage company providing software and digital solutions to enterprise customers in Italy. The business offers a scalable platform with recurring subscription revenue and serves a diversified base of mid-market and large corporate clients, generating $100–250m in annual revenue.",B2B,Niche,Skin person product value interesting name positive training step.,74.04,EUR,IND_TECH,2020-06-20,2020-10-06,0.8
CRM-COMP-008,CENTRAL LOGISTICS,CENTRAL LOGISTICS SPA,Business Services,,IT,California,East Laurashire,1992,111,100-250m,https://www.central-logistics.it,"CENTRAL LOGISTICS is a growth-stage business providing outsourced business services to corporate and public-sector clients in Italy. The company benefits from long-term contracts, high revenue visibility and a diversified customer base, generating $100–250m in annual revenue.",B2B,Emerging,Keep light fight I evening music just our threat.,62.21,EUR,IND_BUSSVCS,2022-09-29,2023-05-30,0.93
CRM-COMP-009,EDUTECH INNOVATIONS,EDUTECH INNOVATIONS SPA,Technology,,IT,West Virginia,Cassandratown,1995,198,250m+,https://www.edutech-innovations.it,"EDUTECH INNOVATIONS is a growth-stage business technology business focused on digital services for consumers in Italy. The company combines proprietary technology with data-driven marketing to acquire and retain customers, with annual revenue of over $250m.",B2C,Niche,Director purpose team onto again share start.,61.24,EUR,IND_TECH,2023-05-14,2024-02-19,0.9
CRM-COMP-010,ENGINEERING DIVISION,ENGINEERING DIVISION SPA,Industrials,,IT,Oregon,Port Katelynfort,1992,1721,10-50m,https://www.engineering-division.it,"ENGINEERING DIVISION is an established mid-market company active in industrial manufacturing and engineered products. The company supplies components and systems to blue-chip OEMs across Italy, with annual revenue of $10–50m and a strong emphasis on operational excellence and long-term customer relationships.",B2B2C,Niche,Prepare trouble consider one play man before girl four prove tax form.,47.66,USD,IND_INDUS,2020-06-06,2020-10-25,0.94
CRM-COMP-011,MANUFACTURING DIVISION,MANUFACTURING DIVISION SA,Industrials,,FR,Vermont,Robertsfurt,2025,44,0-10m,https://www.manufacturing-division.fr,"MANUFACTURING DIVISION is an early-stage company active in industrial manufacturing and engineered products. The company supplies components and systems to blue-chip OEMs across France, with annual revenue of up to $10m and a strong emphasis on operational excellence and long-term customer relationships.",B2B2C,Emerging,Already because education break significant ten stay ability thank left approach million performance.,62.13,USD,IND_INDUS,2025-08-02,2025-10-05,0.95
CRM-COMP-012,WESTERN OUTSOURCING GROUP,WESTERN OUTSOURCING GROUP SPA,Business Services,,IT,New York,Wolfborough,1983,26,100-250m,https://www.western-outsourcing-group.it,"WESTERN OUTSOURCING GROUP is a early-stage company providing outsourced business services to corporate and public-sector clients in Italy. The company benefits from long-term contracts, high revenue visibility and a diversified customer base, generating $100–250m in annual revenue.",B2B2C,Leader,Near until just recognize building win participant dream citizen.,59.67,USD,IND_BUSSVCS,2022-01-22,2023-01-08,0.74
CRM-COMP-013,EUROPEAN BUSINESS SERVICES INTERNATIONAL,EUROPEAN BUSINESS SERVICES INTERNATIONAL SPA,Business Services,,IT,Oklahoma,New Rickybury,2006,1788,100-250m,https://www.european-business-services-international.it,"EUROPEAN BUSINESS SERVICES INTERNATIONAL is a established mid-market company providing outsourced business services to corporate and public-sector clients in Italy. The company benefits from long-term contracts, high revenue visibility and a diversified customer base, generating $100–250m in annual revenue.",B2C,Emerging,Left brother strategy marriage respond meeting event.,58.02,EUR,IND_BUSSVCS,2018-05-02,2019-02-27,0.86
CRM-COMP-014,CLOUDSOFT PLATFORM,CLOUDSOFT PLATFORM LTD,Technology,,IE,New Mexico,Sanchezside,1993,741,0-10m,https://www.cloudsoft-platform.ie,"CLOUDSOFT PLATFORM is a established mid-market company providing software and digital solutions to enterprise customers in Ireland. The business offers a scalable platform with recurring subscription revenue and serves a diversified base of mid-market and large corporate clients, generating up to $10m in annual revenue.",B2B,Challenger,Himself two meet these tell everybody so.,46.28,USD,IND_TECH,2021-03-10,2021-04-17,0.82
CRM-COMP-015,WESTERN LOGISTICS,WESTERN LOGISTICS LTD,Financial Services,,IE,Nebraska,Sarahhaven,1994,122,0-10m,https://www.western-logistics.ie,"WESTERN LOGISTICS is a growth-stage business providing outsourced business services to corporate and public-sector clients in Ireland. The company benefits from long-term contracts, high revenue visibility and a diversified customer base, generating up to $10m in annual revenue.",B2C,Challenger,Star executive fear only your majority chance Mrs generation.,67.5,EUR,IND_FIN,2023-11-01,2024-09-16,0.73
CRM-COMP-016,MEDDEVICE VENTURES,MEDDEVICE VENTURES GMBH,Healthcare,,DE,Oklahoma,Gibsonmouth,1983,1418,250m+,https://www.meddevice-ventures.de,"MEDDEVICE VENTURES is a established mid-market company operating in the healthcare and life sciences sector. The company develops and distributes specialised products and services to hospitals, clinics and healthcare providers in Germany, with annual revenue of over $250m and a focus on quality, regulatory compliance and innovation.",B2C,Niche,Wonder draw him task improve fish list tree.,76.85,EUR,IND_HEALTH,2016-05-24,2017-01-18,0.97
CRM-COMP-017,WESTERN BUSINESS SERVICES HOLDINGS,WESTERN BUSINESS SERVICES HOLDINGS AG,Business Services,,CH,Missouri,Mcneilberg,2000,48,10-50m,https://www.western-business-services-holdings.ch,"WESTERN BUSINESS SERVICES HOLDINGS is a early-stage company providing outsourced business services to corporate and public-sector clients in DACH. The company benefits from long-term contracts, high revenue visibility and a diversified customer base, generating $10–50m in annual revenue.",B2B2C,Niche,Who call whole forward beyond suddenly between treat address century that wide.,78.48,USD,IND_BUSSVCS,2021-08-01,2021-08-11,0.92
CRM-COMP-018,EUROPEAN PHARMA INNOVATIONS,EUROPEAN PHARMA INNOVATIONS AB,Healthcare,,SE,California,Harringtonview,1991,161,0-10m,https://www.european-pharma-innovations.se,"EUROPEAN PHARMA INNOVATIONS is a growth-stage business operating in the healthcare and life sciences sector. The company develops and distributes specialised products and services to hospitals, clinics and healthcare providers in the Nordics, with annual revenue of up to $10m and a focus on quality, regulatory compliance and innovation.",B2C,Leader,Perhaps however bag forget purpose move west phone thought maintain.,58.8,USD,IND_HEALTH,2018-09-27,2019-03-10,0.8
CRM-COMP-019,CONTINENTAL FACILITIES MANAGEMENT INTERNATIONAL,CONTINENTAL FACILITIES MANAGEMENT INTERNATIONAL AB,Financial Services,,SE,Ohio,New Caseyport,1982,72,50-100m,https://www.continental-facilities-management-international.se,"CONTINENTAL FACILITIES MANAGEMENT INTERNATIONAL is a growth-stage business providing outsourced business services to corporate and public-sector clients in the Nordics. The company benefits from long-term contracts, high revenue visibility and a diversified customer base, generating $50–100m in annual revenue.",B2C,Leader,Section its better plant their kitchen really tough.,44.64,EUR,IND_FIN,2024-09-12,2025-06-02,0.82
CRM-COMP-020,MEDSCIENCE INNOVATIONS,MEDSCIENCE INNOVATIONS AG,Healthcare,,CH,Arizona,Lauraport,2020,63,250m+,https://www.medscience-innovations.ch,"MEDSCIENCE INNOVATIONS is a growth-stage business operating in the healthcare and life sciences sector. The company develops and distributes specialised products and services to hospitals, clinics and healthcare providers in DACH, with annual revenue of over $250m and a focus on quality, regulatory compliance and innovation.",B2C,Emerging,Hear certainly most not society color bad that people drive.,45.24,USD,IND_HEALTH,2019-11-30,2020-11-21,0.71
CRM-COMP-021,SOUTHERN LOGISTICS,SOUTHERN LOGISTICS LTD,Financial Services,,IE,Pennsylvania,East Steven,1990,228,100-250m,https://www.southern-logistics.ie,"SOUTHERN LOGISTICS is a established mid-market company providing outsourced business services to corporate and public-sector clients in Ireland. The company benefits from long-term contracts, high revenue visibility and a diversified customer base, generating $100–250m in annual revenue.",B2B,Challenger,Least project together let explain national available war write.,43.73,EUR,IND_FIN,2020-03-05,2020-05-04,0.97
CRM-COMP-022,INDUSTRIAL SOLUTIONS,INDUSTRIAL SOLUTIONS AG,Industrials,,CH,Maryland,Vaughnmouth,2010,25,100-250m,https://www.industrial-solutions.ch,"INDUSTRIAL SOLUTIONS is an early-stage company active in industrial manufacturing and engineered products. The company supplies components and systems to blue-chip OEMs across DACH, with annual revenue of $100–250m and a strong emphasis on operational excellence and long-term customer relationships.",B2B2C,Leader,Current his low down occur offer yeah far within.,47.62,EUR,IND_INDUS,2020-09-12,2020-11-20,0.92
CRM-COMP-023,MIDSTREAM GAS PIPELINE CO,MIDSTREAM GAS PIPELINE CO BV,Energy,,NL,Texas,Hillshire,1998,1387,100-250m,https://www.midstream-gas-pipeline-co.nl,"MIDSTREAM GAS PIPELINE CO is an infrastructure and energy-focused established mid-market company operating assets in the Benelux region. The company provides essential services under long-term contracts or regulated frameworks, generating $100–250m in annual revenue with stable, cash-generative operations.",B2C,Niche,Treat seat strategy total simply discover.,74.61,EUR,IND_ENERGY,2021-01-15,2021-09-19,0.86
CRM-COMP-024,WESTERN LOGISTICS INTERNATIONAL,WESTERN LOGISTICS INTERNATIONAL BV,Business Services,,NL,Minnesota,Lake James,1995,148,0-10m,https://www.western-logistics-international.nl,"WESTERN LOGISTICS INTERNATIONAL is a growth-stage business providing outsourced business services to corporate and public-sector clients in the Benelux region. The company benefits from long-term contracts, high revenue visibility and a diversified customer base, generating up to $10m in annual revenue.",B2C,Emerging,Question return process stuff pick tough position final kid.,52.73,USD,IND_BUSSVCS,2022-11-28,2023-06-11,0.84
CRM-COMP-025,DATA CENTER HOLDINGS,DATA CENTER HOLDINGS GMBH,Technology,,DE,Pennsylvania,Jessicaland,1986,75,0-10m,https://www.data-center-holdings.de,"DATA CENTER HOLDINGS is a growth-stage business technology business focused on digital services for consumers in Germany. The company combines proprietary technology with data-driven marketing to acquire and retain customers, with annual revenue of up to $10m.",B2C,Challenger,Force indeed customer skill theory hand maybe evening clearly.,68.9,USD,IND_TECH,2024-10-07,2025-09-07,0.84
CRM-COMP-026,INDUSTRIAL SOLUTIONS INTERNATIONAL,INDUSTRIAL SOLUTIONS INTERNATIONAL SA,Industrials,,ES,New Mexico,Juliemouth,2023,848,100-250m,https://www.industrial-solutions-international.es,"INDUSTRIAL SOLUTIONS INTERNATIONAL is an established mid-market company active in industrial manufacturing and engineered products. The company supplies components and systems to blue-chip OEMs across Spain, with annual revenue of $100–250m and a strong emphasis on operational excellence and long-term customer relationships.",B2B,Challenger,Life away senior difficult put purpose however.,74.9,EUR,IND_INDUS,2021-12-04,2022-01-08,0.99
CRM-COMP-027,WESTERN BUSINESS SERVICES HOLDINGS,WESTERN BUSINESS SERVICES HOLDINGS LTD,Financial Services,,GB,Oklahoma,Christopherfurt,1990,57,0-10m,https://www.western-business-services-holdings.co.uk,"WESTERN BUSINESS SERVICES HOLDINGS is a growth-stage business providing outsourced business services to corporate and public-sector clients in the UK. The company benefits from long-term contracts, high revenue visibility and a diversified customer base, generating up to $10m in annual revenue.",B2C,Challenger,Enough buy happy see energy herself.,51.73,EUR,IND_FIN,2019-10-31,2020-01-13,0.86
CRM-COMP-028,DATA CENTER INFRASTRUCTURE,DATA CENTER INFRASTRUCTURE GMBH,Energy,,DE,South Dakota,Danielbury,2004,1219,10-50m,https://www.data-center-infrastructure.de,"DATA CENTER INFRASTRUCTURE is an infrastructure and energy-focused established mid-market company operating assets in Germany. The company provides essential services under long-term contracts or regulated frameworks, generating $10–50m in annual revenue with stable, cash-generative operations.",B2B2C,Niche,Agent this no trip determine as statement travel few impact cause watch.,49.29,USD,IND_ENERGY,2017-11-06,2018-06-29,0.96
CRM-COMP-029,NORTHERN RETAIL CHAIN,NORTHERN RETAIL CHAIN SPA,Consumer,,IT,Maryland,Wilsonbury,2008,812,100-250m,https://www.northern-retail-chain.it,"NORTHERN RETAIL CHAIN is a established mid-market company in the consumer and retail sector. The business operates a portfolio of brands and formats across Italy, generating $100–250m in annual revenue, with a focus on customer experience, omnichannel distribution and brand development.",B2C,Challenger,Career law provide sea watch industry score choice increase between majority impact.,67.61,EUR,IND_CONS,2024-06-24,2024-11-25,0.95
CRM-COMP-030,DATA CENTER HOLDINGS,DATA CENTER HOLDINGS SA,Technology,,FR,Louisiana,Lake Mitchellmouth,2016,244,100-250m,https://www.data-center-holdings.fr,"DATA CENTER HOLDINGS is a established mid-market company technology business focused on digital services for consumers in France. The company combines proprietary technology with data-driven marketing to acquire and retain customers, with annual revenue of $100–250m.",B2B2C,Leader,Wear talk between rate name within grow huge couple business summer.,50.98,EUR,IND_TECH,2024-09-13,2025-08-30,0.94
CRM-COMP-031,MANUFACTURING DIVISION,MANUFACTURING DIVISION SA,Industrials,,FR,New Jersey,Lake Jasontown,1992,1588,10-50m,https://www.manufacturing-division.fr,"MANUFACTURING DIVISION is an established mid-market company active in industrial manufacturing and engineered products. The company supplies components and systems to blue-chip OEMs across France, with annual revenue of $10–50m and a strong emphasis on operational excellence and long-term customer relationships.",B2B2C,Niche,Skill during call north attention share.,65.13,EUR,IND_INDUS,2022-04-01,2022-04-21,0.71
CRM-COMP-032,INDUSTRIAL SYSTEMS DIVISION,INDUSTRIAL SYSTEMS DIVISION GMBH,Industrials,,DE,Indiana,Port Molly,2006,470,50-100m,https://www.industrial-systems-division.de,"INDUSTRIAL SYSTEMS DIVISION is an established mid-market company active in industrial manufacturing and engineered products. The company supplies components and systems to blue-chip OEMs across Germany, with annual revenue of $50–100m and a strong emphasis on operational excellence and long-term customer relationships.",B2C,Niche,Similar small other everyone worker would music sometimes body term.,61.23,EUR,IND_INDUS,2024-04-24,2024-07-17,0.98
CRM-COMP-033,MANUFACTURING DIVISION,MANUFACTURING DIVISION SA,Industrials,,ES,Florida,West Kristybury,1989,1932,50-100m,https://www.manufacturing-division.es,"MANUFACTURING DIVISION is an established mid-market company active in industrial manufacturing and engineered products. The company supplies components and systems to blue-chip OEMs across Spain, with annual revenue of $50–100m and a strong emphasis on operational excellence and long-term customer relationships.",B2C,Leader,Food company appear score moment second live sing message board mean war analysis.,43.61,EUR,IND_INDUS,2015-02-27,2015-07-12,0.81
CRM-COMP-034,CENTRAL OUTSOURCING GROUP,CENTRAL OUTSOURCING GROUP SPA,Financial Services,,IT,Texas,Stephentown,2023,251,250m+,https://www.central-outsourcing-group.it,"CENTRAL OUTSOURCING GROUP is a established mid-market company providing outsourced business services to corporate and public-sector clients in Italy. The company benefits from long-term contracts, high revenue visibility and a diversified customer base, generating over $250m in annual revenue.",B2B2C,Leader,Your suggest international blue Republican kitchen.,53.12,EUR,IND_FIN,2017-06-25,2018-05-22,0.96
CRM-COMP-035,MANUFACTURING DIVISION,MANUFACTURING DIVISION BV,Industrials,,NL,Colorado,Charleneland,1999,41,250m+,https://www.manufacturing-division.nl,"MANUFACTURING DIVISION is an early-stage company active in industrial manufacturing and engineered products. The company supplies components and systems to blue-chip OEMs across the Benelux region, with annual revenue of over $250m and a strong emphasis on operational excellence and long-term customer relationships.",B2C,Emerging,Every plan nature foot yes most law.,45.43,USD,IND_INDUS,2019-02-28,2020-02-06,0.96
CRM-COMP-036,SOUTHERN FACILITIES MANAGEMENT HOLDINGS,SOUTHERN FACILITIES MANAGEMENT HOLDINGS LTD,Financial Services,,GB,Rhode Island,Garciaville,1982,105,10-50m,https://www.southern-facilities-management-holdings.co.uk,"SOUTHERN FACILITIES MANAGEMENT HOLDINGS is a growth-stage business providing outsourced business services to corporate and public-sector clients in the UK. The company benefits from long-term contracts, high revenue visibility and a diversified customer base, generating $10–50m in annual revenue.",B2B,Niche,Result Democrat later direction fund law indeed believe interview professor hear check type.,74.22,EUR,IND_FIN,2025-11-22,2025-11-22,0.72
CRM-COMP-037,ENGINEERING HOLDINGS,ENGINEERING HOLDINGS SA,Industrials,,FR,California,Port Christopherchester,2022,55,10-50m,https://www.engineering-holdings.fr,"ENGINEERING HOLDINGS is an growth-stage business active in industrial manufacturing and engineered products. The company supplies components and systems to blue-chip OEMs across France, with annual revenue of $10–50m and a strong emphasis on operational excellence and long-term customer relationships.",B2B2C,Challenger,Season head candidate art what no prove.,79.55,USD,IND_INDUS,2017-04-20,2017-05-25,0.94
CRM-COMP-038,MEDDEVICE GROUP,MEDDEVICE GROUP SA,Healthcare,,ES,Nebraska,Morganchester,1980,466,50-100m,https://www.meddevice-group.es,"MEDDEVICE GROUP is a established mid-market company operating in the healthcare and life sciences sector. The company develops and distributes specialised products and services to hospitals, clinics and healthcare providers in Spain, with annual revenue of $50–100m and a focus on quality, regulatory compliance and innovation.",B2B,Challenger,Why outside goal official defense prevent.,71.94,USD,IND_HEALTH,2022-05-31,2022-06-13,0.8
CRM-COMP-039,MIDSTREAM GAS PIPELINE,MIDSTREAM GAS PIPELINE SA,Energy,,FR,Iowa,West Meganstad,1996,82,250m+,https://www.midstream-gas-pipeline.fr,"MIDSTREAM GAS PIPELINE is an infrastructure and energy-focused growth-stage business operating assets in France. The company provides essential services under long-term contracts or regulated frameworks, generating over $250m in annual revenue with stable, cash-generative operations.",B2B,Niche,Several off southern suddenly window stand party.,44.55,USD,IND_ENERGY,2020-05-04,2020-12-19,0.83
CRM-COMP-040,MEDSCIENCE INNOVATIONS,MEDSCIENCE INNOVATIONS LTD,Healthcare,,IE,Tennessee,New Sarahview,2009,65,100-250m,https://www.medscience-innovations.ie,"MEDSCIENCE INNOVATIONS is a growth-stage business operating in the healthcare and life sciences sector. The company develops and distributes specialised products and services to hospitals, clinics and healthcare providers in Ireland, with annual revenue of $100–250m and a focus on quality, regulatory compliance and innovation.",B2C,Leader,Congress reflect finally fund accept thank.,67.44,USD,IND_HEALTH,2022-12-27,2023-08-11,0.79
CRM-COMP-041,HEALTHSYSTEMS GROUP,HEALTHSYSTEMS GROUP LTD,Healthcare,,GB,Oregon,Jonestown,2020,190,100-250m,https://www.healthsystems-group.co.uk,"HEALTHSYSTEMS GROUP is a growth-stage business operating in the healthcare and life sciences sector. The company develops and distributes specialised products and services to hospitals, clinics and healthcare providers in the UK, with annual revenue of $100–250m and a focus on quality, regulatory compliance and innovation.",B2B2C,Emerging,Second Democrat information game have return since.,79.79,USD,IND_HEALTH,2018-04-22,2018-12-10,0.93
CRM-COMP-042,VERTEX SYSTEMS,VERTEX SYSTEMS AG,Technology,,CH,Oregon,North Ericton,2007,108,100-250m,https://www.vertex-systems.ch,"VERTEX SYSTEMS is a growth-stage business technology business focused on digital services for consumers in DACH. The company combines proprietary technology with data-driven marketing to acquire and retain customers, with annual revenue of $100–250m.",B2B2C,Emerging,Evening product magazine kind event sense box.,55.95,EUR,IND_TECH,2016-01-25,2016-07-03,0.89
CRM-COMP-043,INDUSTRIAL SOLUTIONS HOLDINGS,INDUSTRIAL SOLUTIONS HOLDINGS GMBH,Industrials,,DE,Nevada,West Erikashire,1985,397,50-100m,https://www.industrial-solutions-holdings.de,"INDUSTRIAL SOLUTIONS HOLDINGS is an established mid-market company active in industrial manufacturing and engineered products. The company supplies components and systems to blue-chip OEMs across Germany, with annual revenue of $50–100m and a strong emphasis on operational excellence and long-term customer relationships.",B2B2C,Niche,Money final determine worker area daughter war should share face build market.,72.47,USD,IND_INDUS,2015-09-03,2016-06-29,0.82
CRM-COMP-044,ENERGY SERVICES CORP,ENERGY SERVICES CORP BV,Energy,,NL,Nevada,East Omar,2018,412,250m+,https://www.energy-services-corp.nl,"ENERGY SERVICES CORP is an infrastructure and energy-focused established mid-market company operating assets in the Benelux region. The company provides essential services under long-term contracts or regulated frameworks, generating over $250m in annual revenue with stable, cash-generative operations.",B2B2C,Leader,Matter street south author technology amount affect TV.,48.51,EUR,IND_ENERGY,2020-05-29,2020-09-20,0.95
CRM-COMP-045,MANUFACTURING DIVISION,MANUFACTURING DIVISION LTD,Industrials,,GB,Massachusetts,Berrychester,2007,253,50-100m,https://www.manufacturing-division.co.uk,"MANUFACTURING DIVISION is an established mid-market company active in industrial manufacturing and engineered products. The company supplies components and systems to blue-chip OEMs across the UK, with annual revenue of $50–100m and a strong emphasis on operational excellence and long-term customer relationships.",B2C,Niche,Boy again foot soon peace story turn because such.,41.16,EUR,IND_INDUS,2022-11-18,2023-04-25,0.7
CRM-COMP-046,ENERGY SERVICES CO,ENERGY SERVICES CO GMBH,Energy,,DE,Kansas,Chapmanhaven,2020,1728,10-50m,https://www.energy-services-co.de,"ENERGY SERVICES CO is an infrastructure and energy-focused established mid-market company operating assets in Germany. The company provides essential services under long-term contracts or regulated frameworks, generating $10–50m in annual revenue with stable, cash-generative operations.",B2C,Niche,How financial fund four collection member box.,55.05,EUR,IND_ENERGY,2018-10-28,2019-01-16,0.91
CRM-COMP-047,MIDSTREAM GAS PIPELINE,MIDSTREAM GAS PIPELINE LTD,Energy,,IE,North Carolina,Port Michael,1989,20,50-100m,https://www.midstream-gas-pipeline.ie,"MIDSTREAM GAS PIPELINE is an infrastructure and energy-focused early-stage company operating assets in Ireland. The company provides essential services under long-term contracts or regulated frameworks, generating $50–100m in annual revenue with stable, cash-generative operations.",B2C,Emerging,Door chair culture own set pretty concern.,57.72,EUR,IND_ENERGY,2020-06-12,2021-04-18,0.78
CRM-COMP-048,MIDSTREAM GAS PIPELINE,MIDSTREAM GAS PIPELINE AG,Energy,,CH,Wyoming,Marshallshire,1998,1279,50-100m,https://www.midstream-gas-pipeline.ch,"MIDSTREAM GAS PIPELINE is an infrastructure and energy-focused established mid-market company operating assets in DACH. The company provides essential services under long-term contracts or regulated frameworks, generating $50–100m in annual revenue with stable, cash-generative operations.",B2C,Leader,Large under north play person ten physical character attention kind field ever argue.,41.82,USD,IND_ENERGY,2021-09-20,2021-10-18,0.79
CRM-COMP-049,HEALTHSYSTEMS INNOVATIONS,HEALTHSYSTEMS INNOVATIONS GMBH,Healthcare,,DE,North Carolina,West Steventon,2000,1218,100-250m,https://www.healthsystems-innovations.de,"HEALTHSYSTEMS INNOVATIONS is a established mid-market company operating in the healthcare and life sciences sector. The company develops and distributes specialised products and services to hospitals, clinics and healthcare providers in Germany, with annual revenue of $100–250m and a focus on quality, regulatory compliance and innovation.",B2C,Challenger,Hard expert popular within bed order.,47.03,EUR,IND_HEALTH,2020-12-21,2021-12-16,0.72
CRM-COMP-050,MIDSTREAM GAS PIPELINE,MIDSTREAM GAS PIPELINE CORP,Energy,,US,Missouri,Carpenterton,2000,159,100-250m,https://www.midstream-gas-pipeline.com,"MIDSTREAM GAS PIPELINE is an infrastructure and energy-focused growth-stage business operating assets in North America. The company provides essential services under long-term contracts or regulated frameworks, generating $100–250m in annual revenue with stable, cash-generative operations.",B2C,Challenger,Training occur could painting may whatever late specific study word base.,51.58,EUR,IND_ENERGY,2015-03-27,2015-09-09,0.94
CRM-COMP-051,MANUFACTURING INTERNATIONAL,MANUFACTURING INTERNATIONAL LTD,Industrials,,GB,Tennessee,North John,2017,184,50-100m,https://www.manufacturing-international.co.uk,"MANUFACTURING INTERNATIONAL is an growth-stage business active in industrial manufacturing and engineered products. The company supplies components and systems to blue-chip OEMs across the UK, with annual revenue of $50–100m and a strong emphasis on operational excellence and long-term customer relationships.",B2B,Leader,Yard model particular hair truth hold simple quickly appear piece free.,69.83,USD,IND_INDUS,2018-09-26,2018-12-21,0.85
CRM-COMP-052,MEDDEVICE VENTURES,MEDDEVICE VENTURES SA,Healthcare,,ES,Michigan,New Erikaport,1986,19,250m+,https://www.meddevice-ventures.es,"MEDDEVICE VENTURES is a early-stage company operating in the healthcare and life sciences sector. The company develops and distributes specialised products and services to hospitals, clinics and healthcare providers in Spain, with annual revenue of over $250m and a focus on quality, regulatory compliance and innovation.",B2B2C,Emerging,Rich prevent trade their four old center glass whose.,46.11,EUR,IND_HEALTH,2015-11-05,2016-02-03,0.92
CRM-COMP-053,MIDSTREAM GAS PIPELINE GROUP,MIDSTREAM GAS PIPELINE GROUP LTD,Energy,,IE,Vermont,Andersonland,2000,162,100-250m,https://www.midstream-gas-pipeline-group.ie,"MIDSTREAM GAS PIPELINE GROUP is an infrastructure and energy-focused growth-stage business operating assets in Ireland. The company provides essential services under long-term contracts or regulated frameworks, generating $100–250m in annual revenue with stable, cash-generative operations.",B2C,Niche,Next poor foreign campaign reflect water young treatment behavior.,65.26,USD,IND_ENERGY,2021-08-19,2021-09-16,0.79
CRM-COMP-054,EUROPEAN RETAIL CHAIN,EUROPEAN RETAIL CHAIN CORP,Consumer,,US,Texas,Romerotown,1998,1459,250m+,https://www.european-retail-chain.com,"EUROPEAN RETAIL CHAIN is a established mid-market company in the consumer and retail sector. The business operates a portfolio of brands and formats across North America, generating over $250m in annual revenue, with a focus on customer experience, omnichannel distribution and brand development.",B2B2C,Emerging,Final week game she court yourself choice fast small medical.,55.38,USD,IND_CONS,2021-03-20,2021-04-10,0.79
CRM-COMP-055,GLOBAL FOOD & BEVERAGE,GLOBAL FOOD & BEVERAGE AG,Consumer,,CH,Ohio,Lake Matthewberg,1986,1233,10-50m,https://www.global-food-beverage.ch,"GLOBAL FOOD & BEVERAGE is a established mid-market company in the consumer and retail sector. The business operates a portfolio of brands and formats across DACH, generating $10–50m in annual revenue, with a focus on customer experience, omnichannel distribution and brand development.",B2B2C,Challenger,Heavy class story side speak close join improve put down know expect security.,41.57,EUR,IND_CONS,2019-11-29,2020-07-10,0.81
CRM-COMP-056,INDUSTRIAL SOLUTIONS DIVISION,INDUSTRIAL SOLUTIONS DIVISION BV,Industrials,,NL,New Hampshire,New John,2021,31,250m+,https://www.industrial-solutions-division.nl,"INDUSTRIAL SOLUTIONS DIVISION is an early-stage company active in industrial manufacturing and engineered products. The company supplies components and systems to blue-chip OEMs across the Benelux region, with annual revenue of over $250m and a strong emphasis on operational excellence and long-term customer relationships.",B2C,Challenger,Tough create question now key show sing me industry class current painting.,67.14,EUR,IND_INDUS,2017-10-29,2018-09-30,0.72
CRM-COMP-057,CONTINENTAL FACILITIES MANAGEMENT GROUP,CONTINENTAL FACILITIES MANAGEMENT GROUP GMBH,Financial Services,,DE,Kentucky,Lake Timothystad,2018,129,50-100m,https://www.continental-facilities-management-group.de,"CONTINENTAL FACILITIES MANAGEMENT GROUP is a growth-stage business providing outsourced business services to corporate and public-sector clients in Germany. The company benefits from long-term contracts, high revenue visibility and a diversified customer base, generating $50–100m in annual revenue.",B2B2C,Leader,Various represent middle by base civil last message store begin treat stage this.,72.53,EUR,IND_FIN,2022-11-18,2023-11-03,0.85
CRM-COMP-058,LOGICORP SYSTEMS,LOGICORP SYSTEMS SA,Technology,,ES,Alaska,Brownhaven,2001,41,10-50m,https://www.logicorp-systems.es,"LOGICORP SYSTEMS is a early-stage company providing software and digital solutions to enterprise customers in Spain. The business offers a scalable platform with recurring subscription revenue and serves a diversified base of mid-market and large corporate clients, generating $10–50m in annual revenue.",B2B,Leader,Dog yes heart agreement us stuff practice social case expert.,43.09,EUR,IND_TECH,2020-09-10,2021-06-13,0.95
CRM-COMP-059,CENTRAL LOGISTICS GROUP,CENTRAL LOGISTICS GROUP GMBH,Business Services,,DE,New Mexico,Port Janice,2024,92,0-10m,https://www.central-logistics-group.de,"CENTRAL LOGISTICS GROUP is a growth-stage business providing outsourced business services to corporate and public-sector clients in Germany. The company benefits from long-term contracts, high revenue visibility and a diversified customer base, generating up to $10m in annual revenue.",B2B2C,Emerging,Past town affect democratic change vote participant institution simply down business.,56.43,EUR,IND_BUSSVCS,2023-01-26,2023-05-27,0.92
CRM-COMP-060,MIDSTREAM GAS PIPELINE CORP,MIDSTREAM GAS PIPELINE CORP AB,Energy,,SE,Kansas,Fowlermouth,1992,196,50-100m,https://www.midstream-gas-pipeline-corp.se,"MIDSTREAM GAS PIPELINE CORP is an infrastructure and energy-focused growth-stage business operating assets in the Nordics. The company provides essential services under long-term contracts or regulated frameworks, generating $50–100m in annual revenue with stable, cash-generative operations.",B2B2C,Challenger,Book toward others administration middle drop.,71.12,USD,IND_ENERGY,2020-11-30,2021-07-02,0.93
CRM-COMP-061,EUROPEAN PHARMA INNOVATIONS,EUROPEAN PHARMA INNOVATIONS SPA,Healthcare,,IT,Georgia,Rubenstad,2015,16,50-100m,https://www.european-pharma-innovations.it,"EUROPEAN PHARMA INNOVATIONS is a early-stage company operating in the healthcare and life sciences sector. The company develops and distributes specialised products and services to hospitals, clinics and healthcare providers in Italy, with annual revenue of $50–100m and a focus on quality, regulatory compliance and innovation.",B2B,Challenger,Number cost property model guess well name skill medical.,43.36,EUR,IND_HEALTH,2018-01-22,2018-09-09,0.73
CRM-COMP-062,BIOTECH INNOVATIONS,BIOTECH INNOVATIONS AB,Healthcare,,SE,Alaska,Markston,1983,35,100-250m,https://www.biotech-innovations.se,"BIOTECH INNOVATIONS is a early-stage company operating in the healthcare and life sciences sector. The company develops and distributes specialised products and services to hospitals, clinics and healthcare providers in the Nordics, with annual revenue of $100–250m and a focus on quality, regulatory compliance and innovation.",B2C,Niche,Wonder effect administration small general run pick sign same forward.,79.78,USD,IND_HEALTH,2017-07-08,2017-07-22,0.94
CRM-COMP-063,SOUTHERN LOGISTICS,SOUTHERN LOGISTICS SA,Financial Services,,ES,Arizona,Amyburgh,1982,28,100-250m,https://www.southern-logistics.es,"SOUTHERN LOGISTICS is a early-stage company providing outsourced business services to corporate and public-sector clients in Spain. The company benefits from long-term contracts, high revenue visibility and a diversified customer base, generating $100–250m in annual revenue.",B2B,Leader,Wonder long consider care respond want already cut social though firm.,57.94,EUR,IND_FIN,2025-02-27,2025-04-08,0.76
CRM-COMP-064,MEDSCIENCE GROUP,MEDSCIENCE GROUP AG,Healthcare,,CH,Maryland,Haysside,2007,123,0-10m,https://www.medscience-group.ch,"MEDSCIENCE GROUP is a growth-stage business operating in the healthcare and life sciences sector. The company develops and distributes specialised products and services to hospitals, clinics and healthcare providers in DACH, with annual revenue of up to $10m and a focus on quality, regulatory compliance and innovation.",B2C,Emerging,Education send course ground sit tend forward buy happy threat sea thus.,41.91,USD,IND_HEALTH,2022-03-02,2023-01-14,0.73
CRM-COMP-065,CENTRAL RETAIL CHAIN,CENTRAL RETAIL CHAIN LTD,Consumer,,IE,Missouri,Terrifort,2012,46,50-100m,https://www.central-retail-chain.ie,"CENTRAL RETAIL CHAIN is a early-stage company in the consumer and retail sector. The business operates a portfolio of brands and formats across Ireland, generating $50–100m in annual revenue, with a focus on customer experience, omnichannel distribution and brand development.",B2B2C,Emerging,Happen something entire bar interesting issue yet Congress family bill foreign fast.,57.17,USD,IND_CONS,2018-12-16,2019-04-18,0.89
CRM-COMP-066,CLOUDSOFT INTERNATIONAL,CLOUDSOFT INTERNATIONAL AG,Technology,,CH,New Hampshire,Jacksonmouth,2014,42,100-250m,https://www.cloudsoft-international.ch,"CLOUDSOFT INTERNATIONAL is a early-stage company providing software and digital solutions to enterprise customers in DACH. The business offers a scalable platform with recurring subscription revenue and serves a diversified base of mid-market and large corporate clients, generating $100–250m in annual revenue.",B2B,Niche,Language risk treatment past itself police social arm provide image.,74.93,EUR,IND_TECH,2022-02-16,2022-09-02,0.92
CRM-COMP-067,ENGINEERING DIVISION,ENGINEERING DIVISION LTD,Industrials,,GB,North Carolina,North Douglas,2020,198,10-50m,https://www.engineering-division.co.uk,"ENGINEERING DIVISION is an growth-stage business active in industrial manufacturing and engineered products. The company supplies components and systems to blue-chip OEMs across the UK, with annual revenue of $10–50m and a strong emphasis on operational excellence and long-term customer relationships.",B2B2C,Challenger,Question just call door population gun we allow check last he know baby.,41.77,EUR,IND_INDUS,2018-10-18,2019-09-12,0.98
CRM-COMP-068,SOUTHERN RETAIL CHAIN,SOUTHERN RETAIL CHAIN GMBH,Consumer,,DE,Florida,Raymondview,2025,39,0-10m,https://www.southern-retail-chain.de,"SOUTHERN RETAIL CHAIN is a early-stage company in the consumer and retail sector. The business operates a portfolio of brands and formats across Germany, generating up to $10m in annual revenue, with a focus on customer experience, omnichannel distribution and brand development.",B2B,Emerging,Whether ago control military trial brother simple region Democrat.,71.64,EUR,IND_CONS,2018-07-16,2018-12-21,0.77
CRM-COMP-069,MIDSTREAM GAS PIPELINE,MIDSTREAM GAS PIPELINE SA,Energy,,FR,South Carolina,Heatherfort,2021,119,100-250m,https://www.midstream-gas-pipeline.fr,"MIDSTREAM GAS PIPELINE is an infrastructure and energy-focused growth-stage business operating assets in France. The company provides essential services under long-term contracts or regulated frameworks, generating $100–250m in annual revenue with stable, cash-generative operations.",B2B2C,Niche,But table later together knowledge because radio suffer.,75.58,USD,IND_ENERGY,2019-12-07,2020-06-21,0.84
CRM-COMP-070,SOUTHERN RETAIL CHAIN,SOUTHERN RETAIL CHAIN SA,Consumer,,ES,Massachusetts,Jennaside,2007,15,250m+,https://www.southern-retail-chain.es,"SOUTHERN RETAIL CHAIN is a early-stage company in the consumer and retail sector. The business operates a portfolio of brands and formats across Spain, generating over $250m in annual revenue, with a focus on customer experience, omnichannel distribution and brand development.",B2B,Niche,Face feel church remember record company gun difference world society door management.,51.75,EUR,IND_CONS,2015-11-24,2016-05-09,0.83
CRM-COMP-071,GLOBAL OUTSOURCING HOLDINGS,GLOBAL OUTSOURCING HOLDINGS BV,Financial Services,,NL,Mississippi,Tannerside,1982,762,0-10m,https://www.global-outsourcing-holdings.nl,"GLOBAL OUTSOURCING HOLDINGS is a established mid-market company providing outsourced business services to corporate and public-sector clients in the Benelux region. The company benefits from long-term contracts, high revenue visibility and a diversified customer base, generating up to $10m in annual revenue.",B2B2C,Challenger,Partner beat finally yourself rest moment shoulder.,43.0,USD,IND_FIN,2019-07-22,2020-01-24,0.74
CRM-COMP-072,EUROPEAN LOGISTICS,EUROPEAN LOGISTICS AB,Business Services,,SE,Oregon,East Teresaland,1995,984,0-10m,https://www.european-logistics.se,"EUROPEAN LOGISTICS is a established mid-market company providing outsourced business services to corporate and public-sector clients in the Nordics. The company benefits from long-term contracts, high revenue visibility and a diversified customer base, generating up to $10m in annual revenue.",B2B2C,Niche,Letter military campaign stop necessary onto should can me than story.,64.2,EUR,IND_BUSSVCS,2020-01-17,2020-07-24,0.92
CRM-COMP-073,CENTRAL OUTSOURCING INTERNATIONAL,CENTRAL OUTSOURCING INTERNATIONAL GMBH,Business Services,,DE,North Dakota,West Fred,1997,253,10-50m,https://www.central-outsourcing-international.de,"CENTRAL OUTSOURCING INTERNATIONAL is a established mid-market company providing outsourced business services to corporate and public-sector clients in Germany. The company benefits from long-term contracts, high revenue visibility and a diversified customer base, generating $10–50m in annual revenue.",B2C,Leader,Various different way million exist bad cultural what ever person.,59.96,EUR,IND_BUSSVCS,2025-03-30,2025-11-22,0.92
CRM-COMP-074,GLOBAL OUTSOURCING INTERNATIONAL,GLOBAL OUTSOURCING INTERNATIONAL AB,Financial Services,,SE,South Carolina,New Danielleshire,2011,22,100-250m,https://www.global-outsourcing-international.se,"GLOBAL OUTSOURCING INTERNATIONAL is a early-stage company providing outsourced business services to corporate and public-sector clients in the Nordics. The company benefits from long-term contracts, high revenue visibility and a diversified customer base, generating $100–250m in annual revenue.",B2B2C,Niche,Child probably result painting successful nor stay agreement animal political officer prepare short.,46.91,EUR,IND_FIN,2019-12-29,2020-02-11,0.91
CRM-COMP-075,CONTINENTAL LOGISTICS INTERNATIONAL,CONTINENTAL LOGISTICS INTERNATIONAL AG,Business Services,,CH,Nebraska,South Pamelaside,2025,94,250m+,https://www.continental-logistics-international.ch,"CONTINENTAL LOGISTICS INTERNATIONAL is a growth-stage business providing outsourced business services to corporate and public-sector clients in DACH. The company benefits from long-term contracts, high revenue visibility and a diversified customer base, generating over $250m in annual revenue.",B2B,Challenger,Politics few each southern image law read citizen indeed.,48.97,EUR,IND_BUSSVCS,2023-11-19,2024-01-29,0.71
CRM-COMP-076,CONTINENTAL LOGISTICS INTERNATIONAL,CONTINENTAL LOGISTICS INTERNATIONAL LTD,Business Services,,IE,New Jersey,West Catherine,1985,1015,100-250m,https://www.continental-logistics-international.ie,"CONTINENTAL LOGISTICS INTERNATIONAL is a established mid-market company providing outsourced business services to corporate and public-sector clients in Ireland. The company benefits from long-term contracts, high revenue visibility and a diversified customer base, generating $100–250m in annual revenue.",B2C,Leader,Technology floor write generation human set middle blood drop business.,61.03,USD,IND_BUSSVCS,2024-03-26,2025-01-14,0.98
CRM-COMP-077,WESTERN OUTSOURCING GROUP,WESTERN OUTSOURCING GROUP LTD,Financial Services,,GB,New Hampshire,East Colin,2015,50,100-250m,https://www.western-outsourcing-group.co.uk,"WESTERN OUTSOURCING GROUP is a growth-stage business providing outsourced business services to corporate and public-sector clients in the UK. The company benefits from long-term contracts, high revenue visibility and a diversified customer base, generating $100–250m in annual revenue.",B2B,Challenger,War ten industry while total spend value return couple.,60.11,EUR,IND_FIN,2024-04-28,2024-06-30,0.75
CRM-COMP-078,INDUSTRIAL SYSTEMS HOLDINGS,INDUSTRIAL SYSTEMS HOLDINGS SA,Industrials,,FR,Hawaii,Ferrellmouth,1996,22,50-100m,https://www.industrial-systems-holdings.fr,"INDUSTRIAL SYSTEMS HOLDINGS is an early-stage company active in industrial manufacturing and engineered products. The company supplies components and systems to blue-chip OEMs across France, with annual revenue of $50–100m and a strong emphasis on operational excellence and long-term customer relationships.",B2B,Challenger,These market bed hotel lead drive on any example our successful pull.,64.58,USD,IND_INDUS,2020-08-20,2021-07-14,0.75
CRM-COMP-079,CONTINENTAL BUSINESS SERVICES GROUP,CONTINENTAL BUSINESS SERVICES GROUP LTD,Business Services,,IE,Maine,Port Danielberg,1985,742,10-50m,https://www.continental-business-services-group.ie,"CONTINENTAL BUSINESS SERVICES GROUP is a established mid-market company providing outsourced business services to corporate and public-sector clients in Ireland. The company benefits from long-term contracts, high revenue visibility and a diversified customer base, generating $10–50m in annual revenue.",B2C,Leader,Road shake hand hundred now crime network available mean.,70.68,EUR,IND_BUSSVCS,2021-12-06,2022-10-29,0.96
CRM-COMP-080,NORTHERN FACILITIES MANAGEMENT GROUP,NORTHERN FACILITIES MANAGEMENT GROUP SPA,Business Services,,IT,Wisconsin,Marciaville,2023,35,0-10m,https://www.northern-facilities-management-group.it,"NORTHERN FACILITIES MANAGEMENT GROUP is a early-stage company providing outsourced business services to corporate and public-sector clients in Italy. The company benefits from long-term contracts, high revenue visibility and a diversified customer base, generating up to $10m in annual revenue.",B2C,Challenger,Window hour some fund voice sense current.,46.32,EUR,IND_BUSSVCS,2020-06-06,2021-01-29,0.88
CRM-COMP-081,INDUSTRIAL SYSTEMS INTERNATIONAL,INDUSTRIAL SYSTEMS INTERNATIONAL SA,Industrials,,ES,North Carolina,Porterton,1988,33,50-100m,https://www.industrial-systems-international.es,"INDUSTRIAL SYSTEMS INTERNATIONAL is an early-stage company active in industrial manufacturing and engineered products. The company supplies components and systems to blue-chip OEMs across Spain, with annual revenue of $50–100m and a strong emphasis on operational excellence and long-term customer relationships.",B2B,Challenger,Case four listen lead paper middle.,49.67,USD,IND_INDUS,2017-12-31,2018-08-18,0.73
CRM-COMP-082,MANUFACTURING HOLDINGS,MANUFACTURING HOLDINGS BV,Industrials,,NL,Massachusetts,Franciscoport,2000,46,100-250m,https://www.manufacturing-holdings.nl,"MANUFACTURING HOLDINGS is an early-stage company active in industrial manufacturing and engineered products. The company supplies components and systems to blue-chip OEMs across the Benelux region, with annual revenue of $100–250m and a strong emphasis on operational excellence and long-term customer relationships.",B2C,Emerging,From stock mother remember feel staff happy purpose woman on someone rise read.,79.84,USD,IND_INDUS,2020-08-04,2021-01-08,0.73
CRM-COMP-083,WESTERN CONSUMER BRANDS,WESTERN CONSUMER BRANDS AG,Consumer,,CH,Alaska,Bakershire,2017,62,100-250m,https://www.western-consumer-brands.ch,"WESTERN CONSUMER BRANDS is a growth-stage business in the consumer and retail sector. The business operates a portfolio of brands and formats across DACH, generating $100–250m in annual revenue, with a focus on customer experience, omnichannel distribution and brand development.",B2B2C,Niche,Dinner anything lose modern return simple herself start drug occur red course kid.,63.9,USD,IND_CONS,2022-07-17,2023-03-14,0.95
CRM-COMP-084,CONTINENTAL FOOD & BEVERAGE,CONTINENTAL FOOD & BEVERAGE GMBH,Consumer,,DE,Nebraska,South Hannah,2003,304,250m+,https://www.continental-food-beverage.de,"CONTINENTAL FOOD & BEVERAGE is a established mid-market company in the consumer and retail sector. The business operates a portfolio of brands and formats across Germany, generating over $250m in annual revenue, with a focus on customer experience, omnichannel distribution and brand development.",B2B2C,Emerging,Maybe particularly likely summer road relationship million night your long heavy.,47.79,EUR,IND_CONS,2018-03-28,2018-05-04,0.92
CRM-COMP-085,MANUFACTURING HOLDINGS,MANUFACTURING HOLDINGS LTD,Industrials,,IE,Idaho,Barrmouth,2005,136,10-50m,https://www.manufacturing-holdings.ie,"MANUFACTURING HOLDINGS is an growth-stage business active in industrial manufacturing and engineered products. The company supplies components and systems to blue-chip OEMs across Ireland, with annual revenue of $10–50m and a strong emphasis on operational excellence and long-term customer relationships.",B2B2C,Leader,Great sign return poor really particular court east newspaper different win father.,47.96,USD,IND_INDUS,2019-07-03,2020-03-15,0.71
CRM-COMP-086,SOUTHERN FACILITIES MANAGEMENT GROUP,SOUTHERN FACILITIES MANAGEMENT GROUP SA,Financial Services,,ES,Maine,Lake Janet,2018,871,50-100m,https://www.southern-facilities-management-group.es,"SOUTHERN FACILITIES MANAGEMENT GROUP is a established mid-market company providing outsourced business services to corporate and public-sector clients in Spain. The company benefits from long-term contracts, high revenue visibility and a diversified customer base, generating $50–100m in annual revenue.",B2B2C,Niche,Look night various return explain of myself time house generation.,46.5,EUR,IND_FIN,2023-04-17,2023-09-17,0.91
CRM-COMP-087,INDUSTRIAL SOLUTIONS,INDUSTRIAL SOLUTIONS AB,Industrials,,SE,Wyoming,West Bobby,2023,156,0-10m,https://www.industrial-solutions.se,"INDUSTRIAL SOLUTIONS is an growth-stage business active in industrial manufacturing and engineered products. The company supplies components and systems to blue-chip OEMs across the Nordics, with annual revenue of up to $10m and a strong emphasis on operational excellence and long-term customer relationships.",B2C,Challenger,Get kind either look dark Mrs usually.,63.88,USD,IND_INDUS,2025-11-05,2025-11-22,0.87
CRM-COMP-088,MEDSCIENCE INNOVATIONS,MEDSCIENCE INNOVATIONS AG,Healthcare,,CH,Vermont,Derrickshire,1989,1372,0-10m,https://www.medscience-innovations.ch,"MEDSCIENCE INNOVATIONS is a established mid-market company operating in the healthcare and life sciences sector. The company develops and distributes specialised products and services to hospitals, clinics and healthcare providers in DACH, with annual revenue of up to $10m and a focus on quality, regulatory compliance and innovation.",B2C,Challenger,Drug prove most point appear including response beyond side.,47.63,EUR,IND_HEALTH,2018-07-08,2019-02-07,0.9
CRM-COMP-089,SOUTHERN FOOD & BEVERAGE,SOUTHERN FOOD & BEVERAGE AG,Consumer,,CH,Alabama,South Denise,1983,624,50-100m,https://www.southern-food-beverage.ch,"SOUTHERN FOOD & BEVERAGE is a established mid-market company in the consumer and retail sector. The business operates a portfolio of brands and formats across DACH, generating $50–100m in annual revenue, with a focus on customer experience, omnichannel distribution and brand development.",B2C,Niche,Local current white fly position traditional become off movement rich view tree.,79.92,USD,IND_CONS,2020-11-22,2021-06-02,0.83
CRM-COMP-090,CENTRAL OUTSOURCING INTERNATIONAL,CENTRAL OUTSOURCING INTERNATIONAL SA,Business Services,,ES,Idaho,Khanburgh,2010,771,50-100m,https://www.central-outsourcing-international.es,"CENTRAL OUTSOURCING INTERNATIONAL is a established mid-market company providing outsourced business services to corporate and public-sector clients in Spain. The company benefits from long-term contracts, high revenue visibility and a diversified customer base, generating $50–100m in annual revenue.",B2C,Challenger,Young however many view while unit.,48.99,EUR,IND_BUSSVCS,2023-08-25,2024-01-19,0.79
CRM-COMP-091,INDUSTRIAL SYSTEMS HOLDINGS,INDUSTRIAL SYSTEMS HOLDINGS AG,Industrials,,CH,Arizona,West Ashleyville,2016,147,10-50m,https://www.industrial-systems-holdings.ch,"INDUSTRIAL SYSTEMS HOLDINGS is an growth-stage business active in industrial manufacturing and engineered products. The company supplies components and systems to blue-chip OEMs across DACH, with annual revenue of $10–50m and a strong emphasis on operational excellence and long-term customer relationships.",B2C,Leader,Expect writer myself management voice surface life cover both class.,51.62,EUR,IND_INDUS,2025-09-17,2025-11-22,0.97
CRM-COMP-092,NORTHERN LOGISTICS INTERNATIONAL,NORTHERN LOGISTICS INTERNATIONAL SPA,Financial Services,,IT,New Jersey,Jennifertown,1997,45,250m+,https://www.northern-logistics-international.it,"NORTHERN LOGISTICS INTERNATIONAL is a early-stage company providing outsourced business services to corporate and public-sector clients in Italy. The company benefits from long-term contracts, high revenue visibility and a diversified customer base, generating over $250m in annual revenue.",B2B,Challenger,So nothing serious compare task today still middle beautiful protect.,69.64,USD,IND_FIN,2017-09-20,2017-10-15,0.72
CRM-COMP-093,NORTHERN CONSUMER BRANDS,NORTHERN CONSUMER BRANDS SA,Consumer,,ES,Idaho,South Marcus,1980,1033,100-250m,https://www.northern-consumer-brands.es,"NORTHERN CONSUMER BRANDS is a established mid-market company in the consumer and retail sector. The business operates a portfolio of brands and formats across Spain, generating $100–250m in annual revenue, with a focus on customer experience, omnichannel distribution and brand development.",B2B,Niche,According himself land environment form old of end growth.,59.1,EUR,IND_CONS,2023-06-24,2023-11-18,0.89
CRM-COMP-094,ENERGY SERVICES CO,ENERGY SERVICES CO LTD,Energy,,GB,Kansas,Lake Davidport,2006,59,100-250m,https://www.energy-services-co.co.uk,"ENERGY SERVICES CO is an infrastructure and energy-focused growth-stage business operating assets in the UK. The company provides essential services under long-term contracts or regulated frameworks, generating $100–250m in annual revenue with stable, cash-generative operations.",B2B2C,Leader,If maybe time region financial brother trouble far.,47.45,USD,IND_ENERGY,2025-10-15,2025-11-22,0.79
CRM-COMP-095,CONTINENTAL LOGISTICS,CONTINENTAL LOGISTICS LTD,Business Services,,GB,South Carolina,East Susan,2021,44,250m+,https://www.continental-logistics.co.uk,"CONTINENTAL LOGISTICS is a early-stage company providing outsourced business services to corporate and public-sector clients in the UK. The company benefits from long-term contracts, high revenue visibility and a diversified customer base, generating over $250m in annual revenue.",B2B,Niche,Check security paper indeed near likely Mr professional despite easy senior their.,58.72,USD,IND_BUSSVCS,2024-01-26,2024-03-23,0.91
CRM-COMP-096,NORTHERN LOGISTICS,NORTHERN LOGISTICS SPA,Financial Services,,IT,Colorado,Ricestad,2001,28,10-50m,https://www.northern-logistics.it,"NORTHERN LOGISTICS is a early-stage company providing outsourced business services to corporate and public-sector clients in Italy. The company benefits from long-term contracts, high revenue visibility and a diversified customer base, generating $10–50m in annual revenue.",B2B2C,Emerging,True born stock total dark Mr.,64.44,EUR,IND_FIN,2025-01-22,2025-08-17,0.73
CRM-COMP-097,GLOBAL FACILITIES MANAGEMENT HOLDINGS,GLOBAL FACILITIES MANAGEMENT HOLDINGS LTD,Financial Services,,GB,Hawaii,Melissamouth,1995,10,100-250m,https://www.global-facilities-management-holdings.co.uk,"GLOBAL FACILITIES MANAGEMENT HOLDINGS is a early-stage company providing outsourced business services to corporate and public-sector clients in the UK. The company benefits from long-term contracts, high revenue visibility and a diversified customer base, generating $100–250m in annual revenue.",B2C,Leader,Quite response major together knowledge argue car.,70.15,EUR,IND_FIN,2018-05-21,2019-03-15,0.89
CRM-COMP-098,EUROPEAN FACILITIES MANAGEMENT HOLDINGS,EUROPEAN FACILITIES MANAGEMENT HOLDINGS SA,Financial Services,,FR,Nebraska,Elliottside,1990,178,0-10m,https://www.european-facilities-management-holdings.fr,"EUROPEAN FACILITIES MANAGEMENT HOLDINGS is a growth-stage business providing outsourced business services to corporate and public-sector clients in France. The company benefits from long-term contracts, high revenue visibility and a diversified customer base, generating up to $10m in annual revenue.",B2C,Challenger,Pull final against effort able design authority interest red must art.,65.55,USD,IND_FIN,2019-02-14,2019-12-25,0.98
CRM-COMP-099,WESTERN HOSPITALITY,WESTERN HOSPITALITY GMBH,Consumer,,DE,California,Johnsonchester,2006,1751,10-50m,https://www.western-hospitality.de,"WESTERN HOSPITALITY is a established mid-market company in the consumer and retail sector. The business operates a portfolio of brands and formats across Germany, generating $10–50m in annual revenue, with a focus on customer experience, omnichannel distribution and brand development.",B2B2C,Leader,Shoulder she within position inside year him thank.,70.47,EUR,IND_CONS,2023-06-19,2024-04-19,0.85
CRM-COMP-100,ENGINEERING DIVISION,ENGINEERING DIVISION LTD,Industrials,,GB,Missouri,Millerside,2012,22,10-50m,https://www.engineering-division.co.uk,"ENGINEERING DIVISION is an early-stage company active in industrial manufacturing and engineered products. The company supplies components and systems to blue-chip OEMs across the UK, with annual revenue of $10–50m and a strong emphasis on operational excellence and long-term customer relationships.",B2B2C,Challenger,President girl condition Mr more road development.,53.12,EUR,IND_INDUS,2019-12-15,2020-02-12,0.73
CRM-COMP-101,SOUTHERN LOGISTICS,SOUTHERN LOGISTICS AB,Business Services,,SE,Alabama,West Stevenside,1988,1135,0-10m,https://www.southern-logistics.se,"SOUTHERN LOGISTICS is a established mid-market company providing outsourced business services to corporate and public-sector clients in the Nordics. The company benefits from long-term contracts, high revenue visibility and a diversified customer base, generating up to $10m in annual revenue.",B2B2C,Leader,Mother statement easy get every visit right both special information she.,62.35,EUR,IND_BUSSVCS,2024-01-19,2024-06-24,0.77
CRM-COMP-102,CLOUDSOFT SOLUTIONS,CLOUDSOFT SOLUTIONS SA,Technology,,FR,Alaska,East Carlos,2007,32,0-10m,https://www.cloudsoft-solutions.fr,"CLOUDSOFT SOLUTIONS is a early-stage company technology business focused on digital services for consumers in France. The company combines proprietary technology with data-driven marketing to acquire and retain customers, with annual revenue of up to $10m.",B2C,Emerging,Almost our reflect any scientist I doctor describe tell argue mean eye staff.,79.45,USD,IND_TECH,2015-05-10,2015-10-03,0.92
CRM-COMP-103,POWER GRID CORP,POWER GRID CORP BV,Energy,,NL,Washington,Barbaramouth,2004,1598,250m+,https://www.power-grid-corp.nl,"POWER GRID CORP is an infrastructure and energy-focused established mid-market company operating assets in the Benelux region. The company provides essential services under long-term contracts or regulated frameworks, generating over $250m in annual revenue with stable, cash-generative operations.",B2C,Emerging,Few century produce determine feel article we they treatment.,45.32,USD,IND_ENERGY,2016-04-30,2016-07-30,0.91
CRM-COMP-104,BIOTECH INNOVATIONS,BIOTECH INNOVATIONS CORP,Healthcare,,US,South Dakota,Peterston,2009,158,10-50m,https://www.biotech-innovations.com,"BIOTECH INNOVATIONS is a growth-stage business operating in the healthcare and life sciences sector. The company develops and distributes specialised products and services to hospitals, clinics and healthcare providers in North America, with annual revenue of $10–50m and a focus on quality, regulatory compliance and innovation.",B2C,Challenger,Walk provide skill five indicate chance heavy senior list support.,49.9,USD,IND_HEALTH,2016-09-27,2017-02-15,0.71
CRM-COMP-105,CENTRAL BUSINESS SERVICES GROUP,CENTRAL BUSINESS SERVICES GROUP BV,Financial Services,,NL,Maryland,Port Steven,1993,14,100-250m,https://www.central-business-services-group.nl,"CENTRAL BUSINESS SERVICES GROUP is a early-stage company providing outsourced business services to corporate and public-sector clients in the Benelux region. The company benefits from long-term contracts, high revenue visibility and a diversified customer base, generating $100–250m in annual revenue.",B2B2C,Challenger,None whose newspaper care drug data.,63.91,USD,IND_FIN,2024-10-12,2024-11-05,0.82
CRM-COMP-106,BIOTECH VENTURES,BIOTECH VENTURES AG,Healthcare,,CH,Tennessee,South Melanieland,2012,1870,250m+,https://www.biotech-ventures.ch,"BIOTECH VENTURES is a established mid-market company operating in the healthcare and life sciences sector. The company develops and distributes specialised products and services to hospitals, clinics and healthcare providers in DACH, with annual revenue of over $250m and a focus on quality, regulatory compliance and innovation.",B2B2C,Niche,Right couple environmental purpose owner them could seven right next look thank.,52.76,USD,IND_HEALTH,2023-08-31,2024-08-09,0.79
CRM-COMP-107,EUROPEAN PHARMA INNOVATIONS,EUROPEAN PHARMA INNOVATIONS AG,Healthcare,,CH,Michigan,Susantown,1997,1411,10-50m,https://www.european-pharma-innovations.ch,"EUROPEAN PHARMA INNOVATIONS is a established mid-market company operating in the healthcare and life sciences sector. The company develops and distributes specialised products and services to hospitals, clinics and healthcare providers in DACH, with annual revenue of $10–50m and a focus on quality, regulatory compliance and innovation.",B2C,Leader,View while bring yourself look drug page daughter.,65.04,EUR,IND_HEALTH,2021-03-26,2021-12-04,0.97
CRM-COMP-108,SOUTHERN FACILITIES MANAGEMENT HOLDINGS,SOUTHERN FACILITIES MANAGEMENT HOLDINGS BV,Financial Services,,NL,Kansas,Kimberlyfurt,1989,576,100-250m,https://www.southern-facilities-management-holdings.nl,"SOUTHERN FACILITIES MANAGEMENT HOLDINGS is a established mid-market company providing outsourced business services to corporate and public-sector clients in the Benelux region. The company benefits from long-term contracts, high revenue visibility and a diversified customer base, generating $100–250m in annual revenue.",B2B,Challenger,Move grow end mention market better wonder light style trial have.,49.64,EUR,IND_FIN,2018-05-16,2019-05-13,0.97
CRM-COMP-109,WESTERN LOGISTICS HOLDINGS,WESTERN LOGISTICS HOLDINGS BV,Business Services,,NL,Nebraska,New Michelleberg,1995,876,0-10m,https://www.western-logistics-holdings.nl,"WESTERN LOGISTICS HOLDINGS is a established mid-market company providing outsourced business services to corporate and public-sector clients in the Benelux region. The company benefits from long-term contracts, high revenue visibility and a diversified customer base, generating up to $10m in annual revenue.",B2C,Challenger,End various often individual charge form.,76.89,USD,IND_BUSSVCS,2016-01-14,2016-10-14,0.78
CRM-COMP-110,CENTRAL LOGISTICS,CENTRAL LOGISTICS LTD,Financial Services,,IE,Missouri,South Andrea,1984,1683,250m+,https://www.central-logistics.ie,"CENTRAL LOGISTICS is a established mid-market company providing outsourced business services to corporate and public-sector clients in Ireland. The company benefits from long-term contracts, high revenue visibility and a diversified customer base, generating over $250m in annual revenue.",B2B,Niche,Either start whom politics make collection some college result major.,48.68,USD,IND_FIN,2024-10-01,2025-03-20,0.76
CRM-COMP-111,EUROPEAN PHARMA VENTURES,EUROPEAN PHARMA VENTURES LTD,Healthcare,,GB,Ohio,New Arthurland,2024,48,250m+,https://www.european-pharma-ventures.co.uk,"EUROPEAN PHARMA VENTURES is a early-stage company operating in the healthcare and life sciences sector. The company develops and distributes specialised products and services to hospitals, clinics and healthcare providers in the UK, with annual revenue of over $250m and a focus on quality, regulatory compliance and innovation.",B2C,Niche,Share include successful discuss religious across.,52.86,EUR,IND_HEALTH,2019-04-09,2019-12-03,0.78
CRM-COMP-112,WESTERN LOGISTICS,WESTERN LOGISTICS AB,Business Services,,SE,North Carolina,Brooksfort,2010,102,100-250m,https://www.western-logistics.se,"WESTERN LOGISTICS is a growth-stage business providing outsourced business services to corporate and public-sector clients in the Nordics. The company benefits from long-term contracts, high revenue visibility and a diversified customer base, generating $100–250m in annual revenue.",B2B,Leader,Administration mother in admit reveal movie expert maybe recently issue vote conference.,41.83,EUR,IND_BUSSVCS,2023-04-25,2023-07-08,0.86
CRM-COMP-113,NORTHERN LOGISTICS GROUP,NORTHERN LOGISTICS GROUP LTD,Business Services,,IE,Connecticut,East James,2001,24,100-250m,https://www.northern-logistics-group.ie,"NORTHERN LOGISTICS GROUP is a early-stage company providing outsourced business services to corporate and public-sector clients in Ireland. The company benefits from long-term contracts, high revenue visibility and a diversified customer base, generating $100–250m in annual revenue.",B2B2C,Emerging,Education great some bad where learn during recently feel stock ball yard.,62.03,EUR,IND_BUSSVCS,2018-10-14,2019-02-22,0.83
CRM-COMP-114,GLOBAL LOGISTICS,GLOBAL LOGISTICS SA,Financial Services,,ES,Tennessee,North Richardfurt,2014,1310,0-10m,https://www.global-logistics.es,"GLOBAL LOGISTICS is a established mid-market company providing outsourced business services to corporate and public-sector clients in Spain. The company benefits from long-term contracts, high revenue visibility and a diversified customer base, generating up to $10m in annual revenue.",B2B,Leader,Live PM reflect bar suddenly population former with wind thus try discover top.,60.96,USD,IND_FIN,2025-08-07,2025-11-22,0.82
CRM-COMP-115,ENERGY SERVICES CO,ENERGY SERVICES CO SA,Energy,,FR,Vermont,Nelsonland,2012,323,250m+,https://www.energy-services-co.fr,"ENERGY SERVICES CO is an infrastructure and energy-focused established mid-market company operating assets in France. The company provides essential services under long-term contracts or regulated frameworks, generating over $250m in annual revenue with stable, cash-generative operations.",B2B2C,Leader,Tonight nor allow up fire which onto sell require.,76.51,EUR,IND_ENERGY,2020-06-21,2020-06-29,0.7
CRM-COMP-116,CENTRAL BUSINESS SERVICES INTERNATIONAL,CENTRAL BUSINESS SERVICES INTERNATIONAL SPA,Business Services,,IT,Montana,West Franciscobury,2024,37,250m+,https://www.central-business-services-international.it,"CENTRAL BUSINESS SERVICES INTERNATIONAL is a early-stage company providing outsourced business services to corporate and public-sector clients in Italy. The company benefits from long-term contracts, high revenue visibility and a diversified customer base, generating over $250m in annual revenue.",B2B,Niche,Strong home to forward sense cause write right may window approach join stuff.,45.96,EUR,IND_BUSSVCS,2021-12-13,2022-09-08,0.78
CRM-COMP-117,CONTINENTAL FOOD & BEVERAGE,CONTINENTAL FOOD & BEVERAGE LTD,Consumer,,GB,Michigan,Novakmouth,2016,814,0-10m,https://www.continental-food-beverage.co.uk,"CONTINENTAL FOOD & BEVERAGE is a established mid-market company in the consumer and retail sector. The business operates a portfolio of brands and formats across the UK, generating up to $10m in annual revenue, with a focus on customer experience, omnichannel distribution and brand development.",B2B2C,Leader,Plant situation late direction need heart.,66.15,EUR,IND_CONS,2023-07-09,2023-07-25,0.81
CRM-COMP-118,EUROPEAN LOGISTICS GROUP,EUROPEAN LOGISTICS GROUP AB,Business Services,,SE,Idaho,Millerport,2011,37,250m+,https://www.european-logistics-group.se,"EUROPEAN LOGISTICS GROUP is a early-stage company providing outsourced business services to corporate and public-sector clients in the Nordics. The company benefits from long-term contracts, high revenue visibility and a diversified customer base, generating over $250m in annual revenue.",B2B,Emerging,Require bank child Republican plant science first blood accept.,76.77,EUR,IND_BUSSVCS,2017-05-15,2018-05-04,0.71
CRM-COMP-119,DATA CENTER INNOVATIONS,DATA CENTER INNOVATIONS SPA,Technology,,IT,Maryland,Wardview,1982,21,250m+,https://www.data-center-innovations.it,"DATA CENTER INNOVATIONS is a early-stage company technology business focused on digital services for consumers in Italy. The company combines proprietary technology with data-driven marketing to acquire and retain customers, with annual revenue of over $250m.",B2B2C,Leader,Car cost large never impact ago government.,45.77,EUR,IND_TECH,2024-03-16,2024-10-05,0.75
CRM-COMP-120,EUROPEAN PHARMA GROUP,EUROPEAN PHARMA GROUP LTD,Healthcare,,IE,Colorado,Michelletown,2014,1747,10-50m,https://www.european-pharma-group.ie,"EUROPEAN PHARMA GROUP is a established mid-market company operating in the healthcare and life sciences sector. The company develops and distributes specialised products and services to hospitals, clinics and healthcare providers in Ireland, with annual revenue of $10–50m and a focus on quality, regulatory compliance and innovation.",B2B2C,Niche,Including single right nice yeah drug minute rate college.,71.62,USD,IND_HEALTH,2023-02-14,2023-03-26,0.73
